date,home_team,away_team,home_score,away_score,tournament,city,country,neutral,tourn_lower
2024-12-08,Cambodia,Malaysia,2.0,2.0,ASEAN Championship,Phnom Penh,Cambodia,False,asean championship
2024-12-08,Timor-Leste,Thailand,0.0,10.0,ASEAN Championship,Hanoi,Vietnam,True,asean championship
2024-12-08,Hong Kong,Mongolia,3.0,0.0,EAFF Championship qualification,Hong Kong,Hong Kong,False,eaff championship qualification
2024-12-09,Myanmar,Indonesia,0.0,1.0,ASEAN Championship,Yangon,Myanmar,False,asean championship
2024-12-09,Laos,Vietnam,1.0,4.0,ASEAN Championship,Vientiane,Laos,False,asean championship
2024-12-09,Solomon Islands,Vanuatu,4.0,1.0,MSG Prime Minister's Cup,Honiara,Solomon Islands,False,msg prime minister's cup
2024-12-11,Singapore,Cambodia,2.0,1.0,ASEAN Championship,Singapore,Singapore,False,asean championship
2024-12-11,Malaysia,Timor-Leste,3.0,2.0,ASEAN Championship,Kuala Lumpur,Malaysia,False,asean championship
2024-12-11,Taiwan,Mongolia,4.0,0.0,EAFF Championship qualification,Hong Kong,Hong Kong,True,eaff championship qualification
2024-12-12,Philippines,Myanmar,1.0,1.0,ASEAN Championship,Manila,Philippines,False,asean championship
2024-12-12,Indonesia,Laos,3.0,3.0,ASEAN Championship,Surakarta,Indonesia,False,asean championship
2024-12-12,Fiji,Vanuatu,1.0,1.0,MSG Prime Minister's Cup,Honiara,Solomon Islands,True,msg prime minister's cup
2024-12-14,Timor-Leste,Singapore,0.0,3.0,ASEAN Championship,Hanoi,Vietnam,True,asean championship
2024-12-14,Thailand,Malaysia,1.0,0.0,ASEAN Championship,Bangkok,Thailand,False,asean championship
2024-12-14,Macau,Guam,1.0,2.0,EAFF Championship qualification,Hong Kong,Hong Kong,True,eaff championship qualification
2024-12-14,Hong Kong,Taiwan,2.0,1.0,EAFF Championship qualification,Hong Kong,Hong Kong,False,eaff championship qualification
2024-12-15,Laos,Philippines,1.0,1.0,ASEAN Championship,Vientiane,Laos,False,asean championship
2024-12-15,Vietnam,Indonesia,1.0,0.0,ASEAN Championship,Việt Trì,Vietnam,False,asean championship
2024-12-15,Papua New Guinea,Fiji,1.0,1.0,MSG Prime Minister's Cup,Honiara,Solomon Islands,True,msg prime minister's cup
2024-12-17,Cambodia,Timor-Leste,2.0,1.0,ASEAN Championship,Phnom Penh,Cambodia,False,asean championship
2024-12-17,Singapore,Thailand,2.0,4.0,ASEAN Championship,Singapore,Singapore,False,asean championship
2024-12-17,Hong Kong,Guam,5.0,0.0,EAFF Championship qualification,Hong Kong,Hong Kong,False,eaff championship qualification
2024-12-18,Myanmar,Laos,3.0,2.0,ASEAN Championship,Yangon,Myanmar,False,asean championship
2024-12-18,Philippines,Vietnam,1.0,1.0,ASEAN Championship,Manila,Philippines,False,asean championship
2024-12-18,Solomon Islands,Papua New Guinea,2.0,3.0,MSG Prime Minister's Cup,Honiara,Solomon Islands,False,msg prime minister's cup
2024-12-20,Thailand,Cambodia,3.0,2.0,ASEAN Championship,Bangkok,Thailand,False,asean championship
2024-12-20,Malaysia,Singapore,0.0,0.0,ASEAN Championship,Kuala Lumpur,Malaysia,False,asean championship
2024-12-21,Vietnam,Myanmar,5.0,0.0,ASEAN Championship,Việt Trì,Vietnam,False,asean championship
2024-12-21,Indonesia,Philippines,0.0,1.0,ASEAN Championship,Surakarta,Indonesia,False,asean championship
2024-12-21,Kuwait,Oman,1.0,1.0,Gulf Cup,Kuwait City,Kuwait,False,gulf cup
2024-12-21,Qatar,United Arab Emirates,1.0,1.0,Gulf Cup,Sulaibikhat,Kuwait,True,gulf cup
2024-12-21,Vanuatu,Papua New Guinea,1.0,2.0,MSG Prime Minister's Cup,Honiara,Solomon Islands,True,msg prime minister's cup
2024-12-21,Solomon Islands,Fiji,1.0,3.0,MSG Prime Minister's Cup,Honiara,Solomon Islands,False,msg prime minister's cup
2024-12-22,Iraq,Yemen,1.0,0.0,Gulf Cup,Sulaibikhat,Kuwait,True,gulf cup
2024-12-22,Saudi Arabia,Bahrain,2.0,3.0,Gulf Cup,Kuwait City,Kuwait,True,gulf cup
2024-12-24,Oman,Qatar,2.0,1.0,Gulf Cup,Sulaibikhat,Kuwait,True,gulf cup
2024-12-24,Kuwait,United Arab Emirates,2.0,1.0,Gulf Cup,Kuwait City,Kuwait,False,gulf cup
2024-12-25,Yemen,Saudi Arabia,2.0,3.0,Gulf Cup,Sulaibikhat,Kuwait,True,gulf cup
2024-12-25,Bahrain,Iraq,2.0,0.0,Gulf Cup,Kuwait City,Kuwait,True,gulf cup
2024-12-26,Singapore,Vietnam,0.0,2.0,ASEAN Championship,Singapore,Singapore,False,asean championship
2024-12-27,Philippines,Thailand,2.0,1.0,ASEAN Championship,Manila,Philippines,False,asean championship
2024-12-27,Kuwait,Qatar,1.0,1.0,Gulf Cup,Kuwait City,Kuwait,False,gulf cup
2024-12-27,United Arab Emirates,Oman,1.0,1.0,Gulf Cup,Sulaibikhat,Kuwait,True,gulf cup
2024-12-28,Iraq,Saudi Arabia,1.0,3.0,Gulf Cup,Kuwait City,Kuwait,True,gulf cup
2024-12-28,Bahrain,Yemen,1.0,2.0,Gulf Cup,Sulaibikhat,Kuwait,True,gulf cup
2024-12-29,Vietnam,Singapore,3.0,1.0,ASEAN Championship,Việt Trì,Vietnam,False,asean championship
2024-12-30,Thailand,Philippines,3.0,1.0,ASEAN Championship,Bangkok,Thailand,False,asean championship
2024-12-31,Oman,Saudi Arabia,2.0,1.0,Gulf Cup,Sulaibikhat,Kuwait,True,gulf cup
2024-12-31,Kuwait,Bahrain,0.0,1.0,Gulf Cup,Kuwait City,Kuwait,False,gulf cup
2025-01-02,Vietnam,Thailand,2.0,1.0,ASEAN Championship,Việt Trì,Vietnam,False,asean championship
2025-01-03,Zanzibar,Tanzania,1.0,0.0,Mapinduzi Cup,Gombani,Zanzibar,False,mapinduzi cup
2025-01-04,Oman,Bahrain,1.0,2.0,Gulf Cup,Kuwait City,Kuwait,True,gulf cup
2025-01-04,Burkina Faso,Kenya,1.0,1.0,Mapinduzi Cup,Gombani,Zanzibar,True,mapinduzi cup
2025-01-05,Thailand,Vietnam,2.0,3.0,ASEAN Championship,Bangkok,Thailand,False,asean championship
2025-01-06,Zanzibar,Burkina Faso,0.0,1.0,Mapinduzi Cup,Gombani,Zanzibar,False,mapinduzi cup
2025-01-07,Tanzania,Kenya,0.0,2.0,Mapinduzi Cup,Gombani,Zanzibar,True,mapinduzi cup
2025-01-09,Tanzania,Burkina Faso,0.0,2.0,Mapinduzi Cup,Gombani,Zanzibar,True,mapinduzi cup
2025-01-10,Zanzibar,Kenya,1.0,0.0,Mapinduzi Cup,Gombani,Zanzibar,False,mapinduzi cup
2025-01-13,Zanzibar,Burkina Faso,2.0,1.0,Mapinduzi Cup,Gombani,Zanzibar,False,mapinduzi cup
2025-01-18,United States,Venezuela,3.0,1.0,Friendly,Fort Lauderdale,United States,False,friendly
2025-01-22,United States,Costa Rica,3.0,0.0,Friendly,Orlando,United States,False,friendly
2025-01-22,Uzbekistan,Jordan,0.0,0.0,Friendly,Doha,Qatar,True,friendly
2025-02-07,Jamaica,Trinidad and Tobago,1.0,0.0,Friendly,Montego Bay,Jamaica,False,friendly
2025-02-08,Chile,Panama,6.0,1.0,Friendly,Santiago,Chile,False,friendly
2025-02-10,Jamaica,Trinidad and Tobago,1.0,1.0,Friendly,Kingston,Jamaica,False,friendly
2025-02-13,Oman,Sudan,0.0,0.0,Friendly,Muscat,Oman,False,friendly
2025-03-09,Saint Vincent and the Grenadines,Grenada,1.0,1.0,Friendly,Kingston,Saint Vincent and the Grenadines,False,friendly
2025-03-13,Oman,Sudan,0.0,0.0,Friendly,Muscat,Oman,False,friendly
2025-03-14,Jordan,North Korea,1.0,1.0,Friendly,Amman,Jordan,False,friendly
2025-03-16,Honduras,Guatemala,1.0,2.0,Friendly,Fort Lauderdale,United States,True,friendly
2025-03-19,Hong Kong,Macau,2.0,0.0,Friendly,Hong Kong,Hong Kong,False,friendly
2025-03-19,India,Maldives,3.0,0.0,Friendly,Shillong,India,False,friendly
2025-03-19,Vietnam,Cambodia,2.0,1.0,Friendly,Thu Dau Mot,Vietnam,False,friendly
2025-03-19,Eswatini,Cameroon,0.0,0.0,FIFA World Cup qualification,Mbombela,South Africa,True,fifa world cup qualification
2025-03-19,Liberia,Tunisia,0.0,1.0,FIFA World Cup qualification,Monrovia,Liberia,False,fifa world cup qualification
2025-03-19,Central African Republic,Madagascar,1.0,4.0,FIFA World Cup qualification,Casablanca,Morocco,True,fifa world cup qualification
2025-03-19,Kazakhstan,Curaçao,2.0,0.0,Friendly,Antalya,Turkey,True,friendly
2025-03-19,Russia,Grenada,5.0,0.0,Friendly,Moscow,Russia,False,friendly
2025-03-20,Canada,Mexico,0.0,2.0,CONCACAF Nations League,Inglewood,United States,True,concacaf nations league
2025-03-20,United States,Panama,0.0,1.0,CONCACAF Nations League,Inglewood,United States,False,concacaf nations league
2025-03-20,Croatia,France,2.0,0.0,UEFA Nations League,Split,Croatia,False,uefa nations league
2025-03-20,Denmark,Portugal,1.0,0.0,UEFA Nations League,Copenhagen,Denmark,False,uefa nations league
2025-03-20,Italy,Germany,1.0,2.0,UEFA Nations League,Milan,Italy,False,uefa nations league
2025-03-20,Netherlands,Spain,2.0,2.0,UEFA Nations League,Rotterdam,Netherlands,False,uefa nations league
2025-03-20,Austria,Serbia,1.0,1.0,UEFA Nations League,Vienna,Austria,False,uefa nations league
2025-03-20,Greece,Scotland,0.0,1.0,UEFA Nations League,Piraeus,Greece,False,uefa nations league
2025-03-20,Turkey,Hungary,3.0,1.0,UEFA Nations League,Istanbul,Turkey,False,uefa nations league
2025-03-20,Ukraine,Belgium,3.0,1.0,UEFA Nations League,Murcia,Spain,True,uefa nations league
2025-03-20,Armenia,Georgia,0.0,3.0,UEFA Nations League,Yerevan,Armenia,False,uefa nations league
2025-03-20,Bulgaria,Republic of Ireland,1.0,2.0,UEFA Nations League,Plovdiv,Bulgaria,False,uefa nations league
2025-03-20,Kosovo,Iceland,2.0,1.0,UEFA Nations League,Pristina,Kosovo,False,uefa nations league
2025-03-20,Slovakia,Slovenia,0.0,0.0,UEFA Nations League,Bratislava,Slovakia,False,uefa nations league
2025-03-20,Laos,Sri Lanka,1.0,2.0,Friendly,Vientiane,Laos,False,friendly
2025-03-20,Tajikistan,Belarus,0.0,5.0,Friendly,Dushanbe,Tajikistan,False,friendly
2025-03-20,Paraguay,Chile,1.0,0.0,FIFA World Cup qualification,Asunción,Paraguay,False,fifa world cup qualification
2025-03-20,Peru,Bolivia,3.0,1.0,FIFA World Cup qualification,Lima,Peru,False,fifa world cup qualification
2025-03-20,Brazil,Colombia,2.0,1.0,FIFA World Cup qualification,Brasília,Brazil,False,fifa world cup qualification
2025-03-20,Iran,United Arab Emirates,2.0,0.0,FIFA World Cup qualification,Tehran,Iran,False,fifa world cup qualification
2025-03-20,Uzbekistan,Kyrgyzstan,1.0,0.0,FIFA World Cup qualification,Tashkent,Uzbekistan,False,fifa world cup qualification
2025-03-20,Qatar,North Korea,5.0,1.0,FIFA World Cup qualification,Al Rayyan,Qatar,False,fifa world cup qualification
2025-03-20,South Korea,Oman,1.0,1.0,FIFA World Cup qualification,Goyang,South Korea,False,fifa world cup qualification
2025-03-20,Iraq,Kuwait,2.0,2.0,FIFA World Cup qualification,Basra,Iraq,False,fifa world cup qualification
2025-03-20,Jordan,Palestine,3.0,1.0,FIFA World Cup qualification,Amman,Jordan,False,fifa world cup qualification
2025-03-20,Japan,Bahrain,2.0,0.0,FIFA World Cup qualification,Saitama,Japan,False,fifa world cup qualification
2025-03-20,Australia,Indonesia,5.0,1.0,FIFA World Cup qualification,Sydney,Australia,False,fifa world cup qualification
2025-03-20,Saudi Arabia,China PR,1.0,0.0,FIFA World Cup qualification,Riyadh,Saudi Arabia,False,fifa world cup qualification
2025-03-20,Sierra Leone,Guinea-Bissau,3.0,1.0,FIFA World Cup qualification,Monrovia,Liberia,True,fifa world cup qualification
2025-03-20,Zimbabwe,Benin,2.0,2.0,FIFA World Cup qualification,Durban,South Africa,True,fifa world cup qualification
2025-03-20,Cape Verde,Mauritius,1.0,0.0,FIFA World Cup qualification,Praia,Cape Verde,False,fifa world cup qualification
2025-03-20,Libya,Angola,1.0,1.0,FIFA World Cup qualification,Benghazi,Libya,False,fifa world cup qualification
2025-03-20,Gambia,Kenya,3.0,3.0,FIFA World Cup qualification,Ebimpé,Ivory Coast,True,fifa world cup qualification
2025-03-20,Gabon,Seychelles,3.0,0.0,FIFA World Cup qualification,Franceville,Gabon,False,fifa world cup qualification
2025-03-20,Mozambique,Uganda,3.0,1.0,FIFA World Cup qualification,Cairo,Egypt,True,fifa world cup qualification
2025-03-20,Malawi,Namibia,0.0,1.0,FIFA World Cup qualification,Lilongwe,Malawi,False,fifa world cup qualification
2025-03-20,Comoros,Mali,0.0,3.0,FIFA World Cup qualification,Berkane,Morocco,True,fifa world cup qualification
2025-03-20,Lebanon,Timor-Leste,4.0,0.0,Friendly,Al-Khor,Qatar,False,friendly
2025-03-21,Belize,Costa Rica,0.0,7.0,Gold Cup qualification,Belmopan,Belize,False,gold cup qualification
2025-03-21,Guyana,Guatemala,3.0,2.0,Gold Cup qualification,Wildey,Barbados,True,gold cup qualification
2025-03-21,Bermuda,Honduras,3.0,5.0,Gold Cup qualification,Hamilton,Bermuda,False,gold cup qualification
2025-03-21,Saint Vincent and the Grenadines,Jamaica,1.0,1.0,Gold Cup qualification,Kingstown,Saint Vincent and the Grenadines,False,gold cup qualification
2025-03-21,Suriname,Martinique,1.0,0.0,Gold Cup qualification,Paramaribo,Suriname,False,gold cup qualification
2025-03-21,Guadeloupe,Nicaragua,1.0,0.0,Gold Cup qualification,Le Gosier,Guadeloupe,False,gold cup qualification
2025-03-21,Cuba,Trinidad and Tobago,1.0,2.0,Gold Cup qualification,Santiago,Cuba,False,gold cup qualification
2025-03-21,Northern Ireland,Switzerland,1.0,1.0,Friendly,Belfast,Northern Ireland,False,friendly
2025-03-21,Puerto Rico,Dominican Republic,2.0,2.0,Friendly,Bayamón,Puerto Rico,False,friendly
2025-03-21,Singapore,Nepal,0.0,1.0,Friendly,Kallang,Singapore,False,friendly
2025-03-21,Thailand,Afghanistan,2.0,0.0,Friendly,Bangkok,Thailand,False,friendly
2025-03-21,Ecuador,Venezuela,2.0,1.0,FIFA World Cup qualification,Quito,Ecuador,False,fifa world cup qualification
2025-03-21,Uruguay,Argentina,0.0,1.0,FIFA World Cup qualification,Montevideo,Uruguay,False,fifa world cup qualification
2025-03-21,New Caledonia,Tahiti,3.0,0.0,FIFA World Cup qualification,Wellington,New Zealand,True,fifa world cup qualification
2025-03-21,New Zealand,Fiji,7.0,0.0,FIFA World Cup qualification,Wellington,New Zealand,False,fifa world cup qualification
2025-03-21,Burkina Faso,Djibouti,4.0,1.0,FIFA World Cup qualification,El Jadida,Morocco,True,fifa world cup qualification
2025-03-21,Ethiopia,Egypt,0.0,2.0,FIFA World Cup qualification,Casablanca,Morocco,True,fifa world cup qualification
2025-03-21,DR Congo,South Sudan,1.0,0.0,FIFA World Cup qualification,Kinshasa,DR Congo,False,fifa world cup qualification
2025-03-21,Rwanda,Nigeria,0.0,2.0,FIFA World Cup qualification,Kigali,Rwanda,False,fifa world cup qualification
2025-03-21,South Africa,Lesotho,2.0,0.0,FIFA World Cup qualification,Polokwane,South Africa,False,fifa world cup qualification
2025-03-21,Morocco,Niger,2.0,1.0,FIFA World Cup qualification,Oujda,Morocco,False,fifa world cup qualification
2025-03-21,Burundi,Ivory Coast,0.0,1.0,FIFA World Cup qualification,Meknes,Morocco,True,fifa world cup qualification
2025-03-21,Botswana,Algeria,1.0,3.0,FIFA World Cup qualification,Francistown,Botswana,False,fifa world cup qualification
2025-03-21,Guinea,Somalia,0.0,0.0,FIFA World Cup qualification,Ebimpé,Ivory Coast,True,fifa world cup qualification
2025-03-21,Equatorial Guinea,São Tomé and Príncipe,2.0,0.0,FIFA World Cup qualification,Malabo,Equatorial Guinea,False,fifa world cup qualification
2025-03-21,Ghana,Chad,5.0,0.0,FIFA World Cup qualification,Accra,Ghana,False,fifa world cup qualification
2025-03-21,Malta,Finland,0.0,1.0,FIFA World Cup qualification,Ta' Qali,Malta,False,fifa world cup qualification
2025-03-21,Poland,Lithuania,1.0,0.0,FIFA World Cup qualification,Warsaw,Poland,False,fifa world cup qualification
2025-03-21,Cyprus,San Marino,2.0,0.0,FIFA World Cup qualification,Larnaca,Cyprus,False,fifa world cup qualification
2025-03-21,Romania,Bosnia and Herzegovina,0.0,1.0,FIFA World Cup qualification,Bucharest,Romania,False,fifa world cup qualification
2025-03-21,England,Albania,2.0,0.0,FIFA World Cup qualification,London,England,False,fifa world cup qualification
2025-03-21,Andorra,Latvia,0.0,1.0,FIFA World Cup qualification,Andorra la Vella,Andorra,False,fifa world cup qualification
2025-03-22,Azerbaijan,Haiti,0.0,3.0,Friendly,Sumqayit,Azerbaijan,False,friendly
2025-03-22,Luxembourg,Sweden,1.0,0.0,Friendly,Luxembourg,Luxembourg,False,friendly
2025-03-22,Togo,Mauritania,2.0,2.0,FIFA World Cup qualification,Lomé,Togo,False,fifa world cup qualification
2025-03-22,Sudan,Senegal,0.0,0.0,FIFA World Cup qualification,Benghazi,Libya,True,fifa world cup qualification
2025-03-22,Moldova,Norway,0.0,5.0,FIFA World Cup qualification,Chișinău,Moldova,False,fifa world cup qualification
2025-03-22,Israel,Estonia,2.0,1.0,FIFA World Cup qualification,Debrecen,Hungary,True,fifa world cup qualification
2025-03-22,Liechtenstein,North Macedonia,0.0,3.0,FIFA World Cup qualification,Vaduz,Liechtenstein,False,fifa world cup qualification
2025-03-22,Wales,Kazakhstan,3.0,1.0,FIFA World Cup qualification,Cardiff,Wales,False,fifa world cup qualification
2025-03-22,Montenegro,Gibraltar,3.0,1.0,FIFA World Cup qualification,Nikšić,Montenegro,False,fifa world cup qualification
2025-03-22,Czech Republic,Faroe Islands,2.0,1.0,FIFA World Cup qualification,Hradec Králové,Czech Republic,False,fifa world cup qualification
2025-03-23,United States,Canada,1.0,2.0,CONCACAF Nations League,Inglewood,United States,False,concacaf nations league
2025-03-23,Panama,Mexico,1.0,2.0,CONCACAF Nations League,Inglewood,United States,True,concacaf nations league
2025-03-23,France,Croatia,2.0,0.0,UEFA Nations League,Paris,France,False,uefa nations league
2025-03-23,Germany,Italy,3.0,3.0,UEFA Nations League,Dortmund,Germany,False,uefa nations league
2025-03-23,Portugal,Denmark,5.0,2.0,UEFA Nations League,Lisbon,Portugal,False,uefa nations league
2025-03-23,Spain,Netherlands,3.0,3.0,UEFA Nations League,Valencia,Spain,False,uefa nations league
2025-03-23,Belgium,Ukraine,3.0,0.0,UEFA Nations League,Genk,Belgium,False,uefa nations league
2025-03-23,Hungary,Turkey,0.0,3.0,UEFA Nations League,Budapest,Hungary,False,uefa nations league
2025-03-23,Scotland,Greece,0.0,3.0,UEFA Nations League,Glasgow,Scotland,False,uefa nations league
2025-03-23,Serbia,Austria,2.0,0.0,UEFA Nations League,Belgrade,Serbia,False,uefa nations league
2025-03-23,Georgia,Armenia,6.0,1.0,UEFA Nations League,Tbilisi,Georgia,False,uefa nations league
2025-03-23,Iceland,Kosovo,1.0,3.0,UEFA Nations League,Murcia,Spain,True,uefa nations league
2025-03-23,Republic of Ireland,Bulgaria,2.0,1.0,UEFA Nations League,Dublin,Republic of Ireland,False,uefa nations league
2025-03-23,Slovenia,Slovakia,1.0,0.0,UEFA Nations League,Ljubljana,Slovenia,False,uefa nations league
2025-03-23,Eswatini,Mauritius,3.0,3.0,FIFA World Cup qualification,Mbombela,South Africa,True,fifa world cup qualification
2025-03-23,Kenya,Gabon,1.0,2.0,FIFA World Cup qualification,Nairobi,Kenya,False,fifa world cup qualification
2025-03-24,New Zealand,New Caledonia,3.0,0.0,FIFA World Cup qualification,Auckland,New Zealand,False,fifa world cup qualification
2025-03-24,Guinea-Bissau,Burkina Faso,1.0,2.0,FIFA World Cup qualification,Bissau,Guinea-Bissau,False,fifa world cup qualification
2025-03-24,Ethiopia,Djibouti,6.0,1.0,FIFA World Cup qualification,El Jadida,Morocco,True,fifa world cup qualification
2025-03-24,Ivory Coast,Gambia,1.0,0.0,FIFA World Cup qualification,Abidjan,Ivory Coast,False,fifa world cup qualification
2025-03-24,Namibia,Equatorial Guinea,1.0,1.0,FIFA World Cup qualification,Johannesburg,South Africa,True,fifa world cup qualification
2025-03-24,Liberia,São Tomé and Príncipe,2.0,1.0,FIFA World Cup qualification,Monrovia,Liberia,False,fifa world cup qualification
2025-03-24,Tunisia,Malawi,2.0,0.0,FIFA World Cup qualification,Radès,Tunisia,False,fifa world cup qualification
2025-03-24,Central African Republic,Mali,0.0,0.0,FIFA World Cup qualification,Casablanca,Morocco,True,fifa world cup qualification
2025-03-24,Madagascar,Ghana,0.0,3.0,FIFA World Cup qualification,Al Hoceima,Morocco,True,fifa world cup qualification
2025-03-24,Lithuania,Finland,2.0,2.0,FIFA World Cup qualification,Kaunas,Lithuania,False,fifa world cup qualification
2025-03-24,Poland,Malta,2.0,0.0,FIFA World Cup qualification,Warsaw,Poland,False,fifa world cup qualification
2025-03-24,Bosnia and Herzegovina,Cyprus,2.0,1.0,FIFA World Cup qualification,Zenica,Bosnia and Herzegovina,False,fifa world cup qualification
2025-03-24,San Marino,Romania,1.0,5.0,FIFA World Cup qualification,Serravalle,San Marino,False,fifa world cup qualification
2025-03-24,England,Latvia,3.0,0.0,FIFA World Cup qualification,London,England,False,fifa world cup qualification
2025-03-24,Albania,Andorra,3.0,0.0,FIFA World Cup qualification,Tirana,Albania,False,fifa world cup qualification
2025-03-25,Tajikistan,Timor-Leste,1.0,0.0,AFC Asian Cup qualification,Dushanbe,Tajikistan,False,afc asian cup qualification
2025-03-25,Philippines,Maldives,4.0,1.0,AFC Asian Cup qualification,Capas,Philippines,False,afc asian cup qualification
2025-03-25,Bhutan,Yemen,0.0,0.0,AFC Asian Cup qualification,Thimphu,Bhutan,False,afc asian cup qualification
2025-03-25,Lebanon,Brunei,5.0,0.0,AFC Asian Cup qualification,Al Wakrah,Qatar,True,afc asian cup qualification
2025-03-25,India,Bangladesh,0.0,0.0,AFC Asian Cup qualification,Shillong,India,False,afc asian cup qualification
2025-03-25,Singapore,Hong Kong,0.0,0.0,AFC Asian Cup qualification,Kallang,Singapore,False,afc asian cup qualification
2025-03-25,Taiwan,Turkmenistan,1.0,2.0,AFC Asian Cup qualification,Kaohsiung,Taiwan,False,afc asian cup qualification
2025-03-25,Thailand,Sri Lanka,1.0,0.0,AFC Asian Cup qualification,Bangkok,Thailand,False,afc asian cup qualification
2025-03-25,Myanmar,Afghanistan,2.0,1.0,AFC Asian Cup qualification,Yangon,Myanmar,False,afc asian cup qualification
2025-03-25,Syria,Pakistan,2.0,0.0,AFC Asian Cup qualification,Al Hofuf,Saudi Arabia,True,afc asian cup qualification
2025-03-25,Vietnam,Laos,5.0,0.0,AFC Asian Cup qualification,Thu Dau Mot,Vietnam,False,afc asian cup qualification
2025-03-25,Malaysia,Nepal,2.0,0.0,AFC Asian Cup qualification,Johor,Malaysia,False,afc asian cup qualification
2025-03-25,Costa Rica,Belize,6.0,1.0,Gold Cup qualification,San José,Costa Rica,False,gold cup qualification
2025-03-25,Guatemala,Guyana,2.0,0.0,Gold Cup qualification,Guatemala City,Guatemala,False,gold cup qualification
2025-03-25,Honduras,Bermuda,2.0,0.0,Gold Cup qualification,Tegucigalpa,Honduras,False,gold cup qualification
2025-03-25,Jamaica,Saint Vincent and the Grenadines,3.0,0.0,Gold Cup qualification,Kingston,Jamaica,False,gold cup qualification
2025-03-25,Martinique,Suriname,0.0,1.0,Gold Cup qualification,Fort de France,Martinique,False,gold cup qualification
2025-03-25,Nicaragua,Guadeloupe,0.0,1.0,Gold Cup qualification,Managua,Nicaragua,False,gold cup qualification
2025-03-25,Trinidad and Tobago,Cuba,4.0,0.0,Gold Cup qualification,Couva,Trinidad and Tobago,False,gold cup qualification
2025-03-25,Azerbaijan,Belarus,0.0,2.0,Friendly,Masazir,Azerbaijan,False,friendly
2025-03-25,Russia,Zambia,5.0,0.0,Friendly,Moscow,Russia,False,friendly
2025-03-25,Cambodia,Aruba,1.0,2.0,Friendly,Phnom Penh,Cambodia,False,friendly
2025-03-25,Dominican Republic,Puerto Rico,2.0,0.0,Friendly,Santiago de los Caballeros,Dominican Republic,False,friendly
2025-03-25,Niger,Bonaire,6.0,0.0,Friendly,Casablanca,Morocco,True,friendly
2025-03-25,Sweden,Northern Ireland,5.0,1.0,Friendly,Solna,Sweden,False,friendly
2025-03-25,Switzerland,Luxembourg,3.0,1.0,Friendly,Sankt Gallen,Switzerland,False,friendly
2025-03-25,Bolivia,Uruguay,0.0,0.0,FIFA World Cup qualification,El Alto,Bolivia,False,fifa world cup qualification
2025-03-25,Colombia,Paraguay,2.0,2.0,FIFA World Cup qualification,Barranquilla,Colombia,False,fifa world cup qualification
2025-03-25,Venezuela,Peru,1.0,0.0,FIFA World Cup qualification,Maturín,Venezuela,False,fifa world cup qualification
2025-03-25,Argentina,Brazil,4.0,1.0,FIFA World Cup qualification,Buenos Aires,Argentina,False,fifa world cup qualification
2025-03-25,Chile,Ecuador,0.0,0.0,FIFA World Cup qualification,Santiago,Chile,False,fifa world cup qualification
2025-03-25,Iran,Uzbekistan,2.0,2.0,FIFA World Cup qualification,Tehran,Iran,False,fifa world cup qualification
2025-03-25,Kyrgyzstan,Qatar,3.0,1.0,FIFA World Cup qualification,Bishkek,Kyrgyzstan,False,fifa world cup qualification
2025-03-25,North Korea,United Arab Emirates,1.0,2.0,FIFA World Cup qualification,Riyadh,Saudi Arabia,True,fifa world cup qualification
2025-03-25,South Korea,Jordan,1.0,1.0,FIFA World Cup qualification,Suwon,South Korea,False,fifa world cup qualification
2025-03-25,Kuwait,Oman,0.0,1.0,FIFA World Cup qualification,Kuwait City,Kuwait,False,fifa world cup qualification
2025-03-25,Palestine,Iraq,2.0,1.0,FIFA World Cup qualification,Amman,Jordan,True,fifa world cup qualification
2025-03-25,China PR,Australia,0.0,2.0,FIFA World Cup qualification,Hangzhou,China PR,False,fifa world cup qualification
2025-03-25,Japan,Saudi Arabia,0.0,0.0,FIFA World Cup qualification,Saitama,Japan,False,fifa world cup qualification
2025-03-25,Indonesia,Bahrain,1.0,0.0,FIFA World Cup qualification,Jakarta,Indonesia,False,fifa world cup qualification
2025-03-25,Egypt,Sierra Leone,1.0,0.0,FIFA World Cup qualification,Cairo,Egypt,False,fifa world cup qualification
2025-03-25,Mauritania,DR Congo,0.0,2.0,FIFA World Cup qualification,Nouadhibou,Mauritania,False,fifa world cup qualification
2025-03-25,Senegal,Togo,2.0,0.0,FIFA World Cup qualification,Diamniadio,Senegal,False,fifa world cup qualification
2025-03-25,Sudan,South Sudan,1.0,1.0,FIFA World Cup qualification,Benghazi,Libya,True,fifa world cup qualification
2025-03-25,Benin,South Africa,0.0,2.0,FIFA World Cup qualification,Abidjan,Ivory Coast,True,fifa world cup qualification
2025-03-25,Nigeria,Zimbabwe,1.0,1.0,FIFA World Cup qualification,Uyo,Nigeria,False,fifa world cup qualification
2025-03-25,Rwanda,Lesotho,1.0,1.0,FIFA World Cup qualification,Kigali,Rwanda,False,fifa world cup qualification
2025-03-25,Angola,Cape Verde,1.0,2.0,FIFA World Cup qualification,Luanda,Angola,False,fifa world cup qualification
2025-03-25,Cameroon,Libya,3.0,1.0,FIFA World Cup qualification,Yaounde,Cameroon,False,fifa world cup qualification
2025-03-25,Morocco,Tanzania,2.0,0.0,FIFA World Cup qualification,Oujda,Morocco,False,fifa world cup qualification
2025-03-25,Burundi,Seychelles,5.0,0.0,FIFA World Cup qualification,Meknes,Morocco,True,fifa world cup qualification
2025-03-25,Uganda,Guinea,1.0,0.0,FIFA World Cup qualification,Kira,Uganda,False,fifa world cup qualification
2025-03-25,Botswana,Somalia,2.0,0.0,FIFA World Cup qualification,Francistown,Botswana,False,fifa world cup qualification
2025-03-25,Algeria,Mozambique,5.0,1.0,FIFA World Cup qualification,Tizi Ouzou,Algeria,False,fifa world cup qualification
2025-03-25,Comoros,Chad,1.0,0.0,FIFA World Cup qualification,Berkane,Morocco,True,fifa world cup qualification
2025-03-25,Moldova,Estonia,2.0,3.0,FIFA World Cup qualification,Chișinău,Moldova,False,fifa world cup qualification
2025-03-25,Israel,Norway,2.0,4.0,FIFA World Cup qualification,Debrecen,Hungary,True,fifa world cup qualification
2025-03-25,Liechtenstein,Kazakhstan,0.0,2.0,FIFA World Cup qualification,Vaduz,Liechtenstein,False,fifa world cup qualification
2025-03-25,North Macedonia,Wales,1.0,1.0,FIFA World Cup qualification,Skopje,North Macedonia,False,fifa world cup qualification
2025-03-25,Gibraltar,Czech Republic,0.0,4.0,FIFA World Cup qualification,Faro-Loulé,Portugal,True,fifa world cup qualification
2025-03-25,Montenegro,Faroe Islands,1.0,0.0,FIFA World Cup qualification,Nikšić,Montenegro,False,fifa world cup qualification
2025-05-09,Dominica,Barbados,0.0,0.0,Friendly,Roseau,Dominica,False,friendly
2025-05-11,Dominica,Barbados,0.0,0.0,Friendly,Roseau,Dominica,False,friendly
2025-05-21,Saint Kitts and Nevis,Saint Vincent and the Grenadines,1.0,3.0,Friendly,Old Road Town,Saint Kitts and Nevis,False,friendly
2025-05-25,Anguilla,Saint Kitts and Nevis,2.0,4.0,Friendly,Quartier d'Orléans,Saint Martin,True,friendly
2025-05-25,Saint Vincent and the Grenadines,Saint Kitts and Nevis,3.0,0.0,Friendly,Georgetown,Saint Vincent and the Grenadines,False,friendly
2025-05-27,Jamaica,Trinidad and Tobago,3.0,2.0,Unity Cup,London,England,True,unity cup
2025-05-28,Nigeria,Ghana,2.0,1.0,Unity Cup,London,England,True,unity cup
2025-05-28,Oman,Lebanon,1.0,0.0,Friendly,Muscat,Oman,False,friendly
2025-05-29,Malaysia,Cape Verde,1.0,1.0,Friendly,Kuala Lumpur,Malaysia,False,friendly
2025-05-30,Saint Vincent and the Grenadines,British Virgin Islands,1.0,1.0,Friendly,Kingstown,Saint Vincent and the Grenadines,False,friendly
2025-05-30,Saudi Arabia,Jordan,2.0,0.0,Friendly,Dammam,Saudi Arabia,False,friendly
2025-05-31,Trinidad and Tobago,Ghana,0.0,4.0,Unity Cup,London,England,True,unity cup
2025-05-31,Jamaica,Nigeria,2.0,2.0,Unity Cup,London,England,True,unity cup
2025-06-01,Grenada,Anguilla,2.0,0.0,Friendly,Saint George's,Grenada,False,friendly
2025-06-01,El Salvador,Guatemala,1.0,1.0,Friendly,Chattanooga,United States,True,friendly
2025-06-01,Puerto Rico,Nicaragua,1.0,1.0,Friendly,Pawtucket,United States,True,friendly
2025-06-02,Tunisia,Burkina Faso,2.0,0.0,Friendly,Radès,Tunisia,False,friendly
2025-06-03,Malaysia,Cape Verde,0.0,3.0,Friendly,Kuala Lumpur,Malaysia,False,friendly
2025-06-04,Germany,Portugal,1.0,2.0,UEFA Nations League,Munich,Germany,False,uefa nations league
2025-06-04,Thailand,India,2.0,0.0,Friendly,Pathum Thani,Thailand,False,friendly
2025-06-04,Bangladesh,Bhutan,2.0,0.0,Friendly,Dhaka,Bangladesh,False,friendly
2025-06-05,Spain,France,5.0,4.0,UEFA Nations League,Stuttgart,Germany,True,uefa nations league
2025-06-05,Algeria,Rwanda,2.0,0.0,Friendly,Constantine,Algeria,False,friendly
2025-06-05,Belarus,Kazakhstan,4.0,1.0,Friendly,Borisov,Belarus,False,friendly
2025-06-05,Cambodia,Tajikistan,1.0,2.0,Friendly,Phnom Penh,Cambodia,False,friendly
2025-06-05,DR Congo,Mali,1.0,0.0,Friendly,Orléans,France,True,friendly
2025-06-05,Georgia,Faroe Islands,1.0,0.0,Friendly,Tbilisi,Georgia,False,friendly
2025-06-05,Hong Kong,Nepal,0.0,0.0,Friendly,Hong Kong,Hong Kong,False,friendly
2025-06-05,Singapore,Maldives,3.0,1.0,Friendly,Bishan,Singapore,False,friendly
2025-06-05,Ecuador,Brazil,0.0,0.0,FIFA World Cup qualification,Guayaquil,Ecuador,False,fifa world cup qualification
2025-06-05,Paraguay,Uruguay,2.0,0.0,FIFA World Cup qualification,Asunción,Paraguay,False,fifa world cup qualification
2025-06-05,Chile,Argentina,0.0,1.0,FIFA World Cup qualification,Santiago,Chile,False,fifa world cup qualification
2025-06-05,United Arab Emirates,Uzbekistan,0.0,0.0,FIFA World Cup qualification,Abu Dhabi,United Arab Emirates,False,fifa world cup qualification
2025-06-05,North Korea,Kyrgyzstan,2.0,2.0,FIFA World Cup qualification,Riyadh,Saudi Arabia,True,fifa world cup qualification
2025-06-05,Qatar,Iran,1.0,0.0,FIFA World Cup qualification,Al Rayyan,Qatar,False,fifa world cup qualification
2025-06-05,Oman,Jordan,0.0,3.0,FIFA World Cup qualification,Muscat,Oman,False,fifa world cup qualification
2025-06-05,Iraq,South Korea,0.0,2.0,FIFA World Cup qualification,Basra,Iraq,False,fifa world cup qualification
2025-06-05,Kuwait,Palestine,0.0,2.0,FIFA World Cup qualification,Kuwait City,Kuwait,False,fifa world cup qualification
2025-06-05,Bahrain,Saudi Arabia,0.0,2.0,FIFA World Cup qualification,Riffa,Bahrain,False,fifa world cup qualification
2025-06-05,Australia,Japan,1.0,0.0,FIFA World Cup qualification,Perth,Australia,False,fifa world cup qualification
2025-06-05,Indonesia,China PR,1.0,0.0,FIFA World Cup qualification,Jakarta,Indonesia,False,fifa world cup qualification
2025-06-05,Sri Lanka,Brunei,1.0,0.0,Friendly,Bangkok,Thailand,True,friendly
2025-06-06,Bulgaria,Cyprus,2.0,2.0,Friendly,Plovdiv,Bulgaria,False,friendly
2025-06-06,Burundi,Guinea-Bissau,1.0,0.0,Friendly,Berrechid,Egypt,True,friendly
2025-06-06,Central African Republic,Mauritania,2.0,1.0,Friendly,Casablanca,Morocco,True,friendly
2025-06-06,Equatorial Guinea,Gambia,1.0,2.0,Friendly,Marrakech,Morocco,True,friendly
2025-06-06,Hungary,Sweden,0.0,2.0,Friendly,Budapest,Hungary,False,friendly
2025-06-06,Kosovo,Armenia,5.0,2.0,Friendly,Pristina,Kosovo,False,friendly
2025-06-06,Luxembourg,Slovenia,0.0,1.0,Friendly,Luxembourg,Luxembourg,False,friendly
2025-06-06,Morocco,Tunisia,2.0,0.0,Friendly,Fès,Morocco,False,friendly
2025-06-06,Niger,Gabon,4.0,3.0,Friendly,Casablanca,Morocco,True,friendly
2025-06-06,Poland,Moldova,2.0,0.0,Friendly,Chorzow,Poland,False,friendly
2025-06-06,Republic of Ireland,Senegal,1.0,1.0,Friendly,Dublin,Republic of Ireland,False,friendly
2025-06-06,Scotland,Iceland,1.0,3.0,Friendly,Glasgow,Scotland,False,friendly
2025-06-06,South Africa,Tanzania,0.0,0.0,Friendly,Polokwane,South Africa,False,friendly
2025-06-06,Uganda,Cameroon,0.0,3.0,Friendly,Marrakech,Morocco,True,friendly
2025-06-06,Zimbabwe,Burkina Faso,0.0,2.0,Friendly,Mohammédia,Morocco,True,friendly
2025-06-06,Russia,Nigeria,1.0,1.0,Friendly,Moscow,Russia,False,friendly
2025-06-06,Colombia,Peru,0.0,0.0,FIFA World Cup qualification,Barranquilla,Colombia,False,fifa world cup qualification
2025-06-06,Venezuela,Bolivia,2.0,0.0,FIFA World Cup qualification,Maturín,Venezuela,False,fifa world cup qualification
2025-06-06,Norway,Italy,3.0,0.0,FIFA World Cup qualification,Oslo,Norway,False,fifa world cup qualification
2025-06-06,Estonia,Israel,1.0,3.0,FIFA World Cup qualification,Tallinn,Estonia,False,fifa world cup qualification
2025-06-06,Wales,Liechtenstein,3.0,0.0,FIFA World Cup qualification,Cardiff,Wales,False,fifa world cup qualification
2025-06-06,North Macedonia,Belgium,1.0,1.0,FIFA World Cup qualification,Skopje,North Macedonia,False,fifa world cup qualification
2025-06-06,Czech Republic,Montenegro,2.0,0.0,FIFA World Cup qualification,Plzeň,Czech Republic,False,fifa world cup qualification
2025-06-06,Gibraltar,Croatia,0.0,7.0,FIFA World Cup qualification,Faro-Loulé,Portugal,True,fifa world cup qualification
2025-06-07,Denmark,Northern Ireland,2.0,1.0,Friendly,Copenhagen,Denmark,False,friendly
2025-06-07,Greece,Slovakia,4.0,1.0,Friendly,Heraklion,Greece,False,friendly
2025-06-07,Latvia,Azerbaijan,0.0,0.0,Friendly,Riga,Latvia,False,friendly
2025-06-07,Mexico,Switzerland,2.0,4.0,Friendly,Salt Lake City,United States,True,friendly
2025-06-07,United States,Turkey,1.0,2.0,Friendly,East Hartford,United States,False,friendly
2025-06-07,Malta,Lithuania,0.0,0.0,FIFA World Cup qualification,Ta' Qali,Malta,False,fifa world cup qualification
2025-06-07,Finland,Netherlands,0.0,2.0,FIFA World Cup qualification,Helsinki,Finland,False,fifa world cup qualification
2025-06-07,Bosnia and Herzegovina,San Marino,1.0,0.0,FIFA World Cup qualification,Zenica,Bosnia and Herzegovina,False,fifa world cup qualification
2025-06-07,Austria,Romania,2.0,1.0,FIFA World Cup qualification,Vienna,Austria,False,fifa world cup qualification
2025-06-07,Andorra,England,0.0,1.0,FIFA World Cup qualification,Barcelona,Spain,True,fifa world cup qualification
2025-06-07,Albania,Serbia,0.0,0.0,FIFA World Cup qualification,Tirana,Albania,False,fifa world cup qualification
2025-06-07,Canada,Ukraine,4.0,2.0,Canadian Shield,Toronto,Canada,False,canadian shield
2025-06-07,Ivory Coast,New Zealand,0.0,1.0,Canadian Shield,Toronto,Canada,True,canadian shield
2025-06-07,Kenya,Chad,0.0,0.0,Friendly,Marrakech,Morocco,True,friendly
2025-06-08,Germany,France,0.0,2.0,UEFA Nations League,Stuttgart,Germany,False,uefa nations league
2025-06-08,Portugal,Spain,2.0,2.0,UEFA Nations League,Munich,Germany,True,uefa nations league
2025-06-08,DR Congo,Madagascar,3.0,1.0,Friendly,Orléans,France,True,friendly
2025-06-08,Georgia,Cape Verde,1.0,1.0,Friendly,Kutaisi,Georgia,False,friendly
2025-06-09,Equatorial Guinea,Cameroon,1.0,1.0,Friendly,Marrakech,Morocco,True,friendly
2025-06-09,Gabon,Guinea-Bissau,2.0,0.0,Friendly,Mohammédia,Morocco,True,friendly
2025-06-09,Kosovo,Comoros,4.0,2.0,Friendly,Pristina,Kosovo,False,friendly
2025-06-09,Liechtenstein,Scotland,0.0,4.0,Friendly,Vaduz,Liechtenstein,False,friendly
2025-06-09,Montenegro,Armenia,2.0,2.0,Friendly,Nikšić,Montenegro,False,friendly
2025-06-09,Morocco,Benin,1.0,0.0,Friendly,Fès,Morocco,False,friendly
2025-06-09,Uganda,Gambia,1.0,1.0,Friendly,Marrakech,Morocco,True,friendly
2025-06-09,Italy,Moldova,2.0,0.0,FIFA World Cup qualification,Reggio Emilia,Italy,False,fifa world cup qualification
2025-06-09,Estonia,Norway,0.0,1.0,FIFA World Cup qualification,Tallinn,Estonia,False,fifa world cup qualification
2025-06-09,Kazakhstan,North Macedonia,0.0,1.0,FIFA World Cup qualification,Astana,Kazakhstan,False,fifa world cup qualification
2025-06-09,Belgium,Wales,4.0,3.0,FIFA World Cup qualification,Brussels,Belgium,False,fifa world cup qualification
2025-06-09,Faroe Islands,Gibraltar,2.0,1.0,FIFA World Cup qualification,Tórshavn,Faroe Islands,False,fifa world cup qualification
2025-06-09,Croatia,Czech Republic,5.0,1.0,FIFA World Cup qualification,Osijek,Croatia,False,fifa world cup qualification
2025-06-10,Timor-Leste,Maldives,1.0,0.0,AFC Asian Cup qualification,Darwin,Australia,True,afc asian cup qualification
2025-06-10,Philippines,Tajikistan,2.0,2.0,AFC Asian Cup qualification,Capas,Philippines,False,afc asian cup qualification
2025-06-10,Brunei,Bhutan,2.0,1.0,AFC Asian Cup qualification,Bandar Seri Begawan,Brunei,False,afc asian cup qualification
2025-06-10,Yemen,Lebanon,0.0,0.0,AFC Asian Cup qualification,Kuwait City,Kuwait,True,afc asian cup qualification
2025-06-10,Bangladesh,Singapore,1.0,2.0,AFC Asian Cup qualification,Dhaka,Bangladesh,False,afc asian cup qualification
2025-06-10,Hong Kong,India,1.0,0.0,AFC Asian Cup qualification,Kowloon,Hong Kong,False,afc asian cup qualification
2025-06-10,Sri Lanka,Taiwan,3.0,1.0,AFC Asian Cup qualification,Colombo,Sri Lanka,False,afc asian cup qualification
2025-06-10,Turkmenistan,Thailand,3.0,1.0,AFC Asian Cup qualification,Ashgabat,Turkmenistan,False,afc asian cup qualification
2025-06-10,Myanmar,Pakistan,1.0,0.0,AFC Asian Cup qualification,Yangon,Myanmar,False,afc asian cup qualification
2025-06-10,Afghanistan,Syria,0.0,1.0,AFC Asian Cup qualification,Al Hofuf,Saudi Arabia,True,afc asian cup qualification
2025-06-10,Laos,Nepal,2.0,1.0,AFC Asian Cup qualification,Vientiane,Laos,False,afc asian cup qualification
2025-06-10,Malaysia,Vietnam,4.0,0.0,AFC Asian Cup qualification,Kuala Lumpur,Malaysia,False,afc asian cup qualification
2025-06-10,Azerbaijan,Hungary,1.0,2.0,Friendly,Baku,Azerbaijan,False,friendly
2025-06-10,Burundi,Mauritania,0.0,0.0,Friendly,Mohammédia,Morocco,True,friendly
2025-06-10,Chad,Kenya,1.0,2.0,Friendly,Marrakech,Morocco,True,friendly
2025-06-10,Denmark,Lithuania,5.0,0.0,Friendly,Odense,Denmark,False,friendly
2025-06-10,England,Senegal,1.0,3.0,Friendly,London,England,False,friendly
2025-06-10,Greece,Bulgaria,4.0,0.0,Friendly,Heraklion,Greece,False,friendly
2025-06-10,Israel,Slovakia,1.0,0.0,Friendly,Debrecen,Hungary,True,friendly
2025-06-10,Luxembourg,Republic of Ireland,0.0,0.0,Friendly,Luxembourg,Luxembourg,False,friendly
2025-06-10,Mexico,Turkey,1.0,0.0,Friendly,Chapel Hill,United States,True,friendly
2025-06-10,Niger,Zimbabwe,1.0,1.0,Friendly,Casablanca,Morocco,True,friendly
2025-06-10,Northern Ireland,Iceland,1.0,0.0,Friendly,Belfast,Northern Ireland,False,friendly
2025-06-10,Slovenia,Bosnia and Herzegovina,2.0,1.0,Friendly,Celje,Slovenia,False,friendly
2025-06-10,South Africa,Mozambique,2.0,0.0,Friendly,Polokwane,South Africa,False,friendly
2025-06-10,Sweden,Algeria,4.0,3.0,Friendly,Solna,Sweden,False,friendly
2025-06-10,United States,Switzerland,0.0,4.0,Friendly,Nashville,United States,False,friendly
2025-06-10,Bolivia,Chile,2.0,0.0,FIFA World Cup qualification,El Alto,Bolivia,False,fifa world cup qualification
2025-06-10,Uruguay,Venezuela,2.0,0.0,FIFA World Cup qualification,Montevideo,Uruguay,False,fifa world cup qualification
2025-06-10,Peru,Ecuador,0.0,0.0,FIFA World Cup qualification,Lima,Peru,False,fifa world cup qualification
2025-06-10,Argentina,Colombia,1.0,1.0,FIFA World Cup qualification,Buenos Aires,Argentina,False,fifa world cup qualification
2025-06-10,Brazil,Paraguay,1.0,0.0,FIFA World Cup qualification,São Paulo,Brazil,False,fifa world cup qualification
2025-06-10,Uzbekistan,Qatar,3.0,0.0,FIFA World Cup qualification,Tashkent,Uzbekistan,False,fifa world cup qualification
2025-06-10,Iran,North Korea,3.0,0.0,FIFA World Cup qualification,Tehran,Iran,False,fifa world cup qualification
2025-06-10,Kyrgyzstan,United Arab Emirates,1.0,1.0,FIFA World Cup qualification,Bishkek,Kyrgyzstan,False,fifa world cup qualification
2025-06-10,South Korea,Kuwait,4.0,0.0,FIFA World Cup qualification,Seoul,South Korea,False,fifa world cup qualification
2025-06-10,Jordan,Iraq,0.0,1.0,FIFA World Cup qualification,Amman,Jordan,False,fifa world cup qualification
2025-06-10,Palestine,Oman,1.0,1.0,FIFA World Cup qualification,Amman,Jordan,True,fifa world cup qualification
2025-06-10,China PR,Bahrain,1.0,0.0,FIFA World Cup qualification,Chongqing,China PR,False,fifa world cup qualification
2025-06-10,Japan,Indonesia,6.0,0.0,FIFA World Cup qualification,Suita,Japan,False,fifa world cup qualification
2025-06-10,Saudi Arabia,Australia,1.0,2.0,FIFA World Cup qualification,Jeddah,Saudi Arabia,False,fifa world cup qualification
2025-06-10,Netherlands,Malta,8.0,0.0,FIFA World Cup qualification,Groningen,Netherlands,False,fifa world cup qualification
2025-06-10,Finland,Poland,2.0,1.0,FIFA World Cup qualification,Helsinki,Finland,False,fifa world cup qualification
2025-06-10,San Marino,Austria,0.0,4.0,FIFA World Cup qualification,Serravalle,San Marino,False,fifa world cup qualification
2025-06-10,Romania,Cyprus,2.0,0.0,FIFA World Cup qualification,Bucharest,Romania,False,fifa world cup qualification
2025-06-10,Serbia,Andorra,3.0,0.0,FIFA World Cup qualification,Leskovac,Serbia,False,fifa world cup qualification
2025-06-10,Latvia,Albania,1.0,1.0,FIFA World Cup qualification,Riga,Latvia,False,fifa world cup qualification
2025-06-10,New Zealand,Ukraine,1.0,2.0,Canadian Shield,Toronto,Canada,True,canadian shield
2025-06-10,Canada,Ivory Coast,0.0,0.0,Canadian Shield,Toronto,Canada,False,canadian shield
2025-06-10,Belarus,Russia,1.0,4.0,Friendly,Minsk,Belarus,False,friendly
2025-06-14,Mexico,Dominican Republic,3.0,2.0,Gold Cup,Inglewood,United States,True,gold cup
2025-06-15,Costa Rica,Suriname,4.0,3.0,Gold Cup,San Diego,United States,True,gold cup
2025-06-15,United States,Trinidad and Tobago,5.0,0.0,Gold Cup,San Jose,United States,False,gold cup
2025-06-15,Haiti,Saudi Arabia,0.0,1.0,Gold Cup,San Diego,United States,True,gold cup
2025-06-16,Panama,Guadeloupe,5.0,2.0,Gold Cup,Carson,United States,True,gold cup
2025-06-16,Jamaica,Guatemala,0.0,1.0,Gold Cup,Carson,United States,True,gold cup
2025-06-17,Curaçao,El Salvador,0.0,0.0,Gold Cup,San Jose,United States,True,gold cup
2025-06-17,Canada,Honduras,6.0,0.0,Gold Cup,Vancouver,Canada,False,gold cup
2025-06-18,Costa Rica,Dominican Republic,2.0,1.0,Gold Cup,Arlington,United States,True,gold cup
2025-06-18,Suriname,Mexico,0.0,2.0,Gold Cup,Arlington,United States,True,gold cup
2025-06-19,Trinidad and Tobago,Haiti,1.0,1.0,Gold Cup,Houston,United States,True,gold cup
2025-06-19,United States,Saudi Arabia,1.0,0.0,Gold Cup,Austin,United States,False,gold cup
2025-06-20,Jamaica,Guadeloupe,2.0,1.0,Gold Cup,San Jose,United States,True,gold cup
2025-06-20,Guatemala,Panama,0.0,1.0,Gold Cup,Austin,United States,True,gold cup
2025-06-21,Curaçao,Canada,1.0,1.0,Gold Cup,Houston,United States,True,gold cup
2025-06-21,Honduras,El Salvador,2.0,0.0,Gold Cup,Houston,United States,True,gold cup
2025-06-22,Mexico,Costa Rica,0.0,0.0,Gold Cup,Paradise,United States,True,gold cup
2025-06-22,Dominican Republic,Suriname,0.0,0.0,Gold Cup,Arlington,United States,True,gold cup
2025-06-22,Saudi Arabia,Trinidad and Tobago,1.0,1.0,Gold Cup,Paradise,United States,True,gold cup
2025-06-22,United States,Haiti,2.0,1.0,Gold Cup,Arlington,United States,False,gold cup
2025-06-24,Honduras,Curaçao,2.0,1.0,Gold Cup,San Jose,United States,True,gold cup
2025-06-24,Canada,El Salvador,2.0,0.0,Gold Cup,Houston,United States,True,gold cup
2025-06-24,Panama,Jamaica,4.0,1.0,Gold Cup,Austin,United States,True,gold cup
2025-06-24,Guadeloupe,Guatemala,2.0,3.0,Gold Cup,Houston,United States,True,gold cup
2025-06-28,Panama,Honduras,1.0,1.0,Gold Cup,Glendale,United States,True,gold cup
2025-06-28,Mexico,Saudi Arabia,2.0,0.0,Gold Cup,Glendale,United States,True,gold cup
2025-06-29,Canada,Guatemala,1.0,1.0,Gold Cup,Minneapolis,United States,True,gold cup
2025-06-29,United States,Costa Rica,2.0,2.0,Gold Cup,Minneapolis,United States,False,gold cup
2025-07-02,United States,Guatemala,2.0,1.0,Gold Cup,St. Louis,United States,False,gold cup
2025-07-02,Mexico,Honduras,1.0,0.0,Gold Cup,Santa Clara,United States,True,gold cup
2025-07-06,United States,Mexico,1.0,2.0,Gold Cup,Houston,United States,False,gold cup
2025-08-13,United States Virgin Islands,Turks and Caicos Islands,1.0,1.0,Outrigger Challenge Cup,United States,United States,True,outrigger challenge cup
2025-08-14,Marshall Islands,United States Virgin Islands,0.0,4.0,Outrigger Challenge Cup,United States,United States,True,outrigger challenge cup
2025-08-16,Turks and Caicos Islands,Marshall Islands,3.0,2.0,Outrigger Challenge Cup,United States,United States,True,outrigger challenge cup
2025-08-24,Qatar,Lebanon,2.0,2.0,Friendly,Doha,Qatar,False,friendly
2025-09-03,Qatar,Bahrain,2.0,2.0,Friendly,Doha,Qatar,False,friendly
2025-09-03,Seychelles,Gabon,0.0,4.0,FIFA World Cup qualification,Saint Pierre,Mauritius,True,fifa world cup qualification
2025-09-04,Gibraltar,Albania,0.0,1.0,Friendly,Gibraltar,Gibraltar,False,friendly
2025-09-04,Malaysia,Singapore,2.0,1.0,Friendly,Kuala Lumpur,Malaysia,False,friendly
2025-09-04,Norway,Finland,1.0,0.0,Friendly,Oslo,Norway,False,friendly
2025-09-04,Russia,Jordan,0.0,0.0,Friendly,Moscow,Russia,False,friendly
2025-09-04,Saudi Arabia,North Macedonia,2.0,1.0,Friendly,Prague,Czech Republic,True,friendly
2025-09-04,United Arab Emirates,Syria,3.0,1.0,Friendly,Dubai,United Arab Emirates,False,friendly
2025-09-04,Colombia,Bolivia,3.0,0.0,FIFA World Cup qualification,Barranquilla,Colombia,False,fifa world cup qualification
2025-09-04,Argentina,Venezuela,3.0,0.0,FIFA World Cup qualification,Buenos Aires,Argentina,False,fifa world cup qualification
2025-09-04,Paraguay,Ecuador,0.0,0.0,FIFA World Cup qualification,Asunción,Paraguay,False,fifa world cup qualification
2025-09-04,Uruguay,Peru,3.0,0.0,FIFA World Cup qualification,Montevideo,Uruguay,False,fifa world cup qualification
2025-09-04,Brazil,Chile,3.0,0.0,FIFA World Cup qualification,Rio de Janeiro,Brazil,False,fifa world cup qualification
2025-09-04,Guinea-Bissau,Sierra Leone,1.0,1.0,FIFA World Cup qualification,Bissau,Guinea-Bissau,False,fifa world cup qualification
2025-09-04,Angola,Libya,0.0,1.0,FIFA World Cup qualification,Luanda,Angola,False,fifa world cup qualification
2025-09-04,Cameroon,Eswatini,3.0,0.0,FIFA World Cup qualification,Yaoundé,Cameroon,False,fifa world cup qualification
2025-09-04,Mauritius,Cape Verde,0.0,2.0,FIFA World Cup qualification,Saint Pierre,Mauritius,False,fifa world cup qualification
2025-09-04,Algeria,Botswana,3.0,1.0,FIFA World Cup qualification,Tizi Ouzou,Algeria,False,fifa world cup qualification
2025-09-04,São Tomé and Príncipe,Equatorial Guinea,2.0,3.0,FIFA World Cup qualification,Oujda,Morocco,True,fifa world cup qualification
2025-09-04,Tunisia,Liberia,3.0,0.0,FIFA World Cup qualification,Radès,Tunisia,False,fifa world cup qualification
2025-09-04,Chad,Ghana,1.0,1.0,FIFA World Cup qualification,N'Djamena,Chad,False,fifa world cup qualification
2025-09-04,Madagascar,Central African Republic,2.0,0.0,FIFA World Cup qualification,Casablanca,Morocco,True,fifa world cup qualification
2025-09-04,Mali,Comoros,3.0,0.0,FIFA World Cup qualification,Berkane,Morocco,True,fifa world cup qualification
2025-09-04,Luxembourg,Northern Ireland,1.0,3.0,FIFA World Cup qualification,Luxembourg,Luxembourg,False,fifa world cup qualification
2025-09-04,Slovakia,Germany,2.0,0.0,FIFA World Cup qualification,Bratislava,Slovakia,False,fifa world cup qualification
2025-09-04,Georgia,Turkey,2.0,3.0,FIFA World Cup qualification,Tbilisi,Georgia,False,fifa world cup qualification
2025-09-04,Bulgaria,Spain,0.0,3.0,FIFA World Cup qualification,Sofia,Bulgaria,False,fifa world cup qualification
2025-09-04,Lithuania,Malta,1.0,1.0,FIFA World Cup qualification,Kaunas,Lithuania,False,fifa world cup qualification
2025-09-04,Netherlands,Poland,1.0,1.0,FIFA World Cup qualification,Rotterdam,Netherlands,False,fifa world cup qualification
2025-09-04,Kazakhstan,Wales,0.0,1.0,FIFA World Cup qualification,Astana,Kazakhstan,False,fifa world cup qualification
2025-09-04,Liechtenstein,Belgium,0.0,6.0,FIFA World Cup qualification,Vaduz,Liechtenstein,False,fifa world cup qualification
2025-09-04,Iraq,Hong Kong,2.0,1.0,King's Cup,Kanchanaburi,Thailand,True,king's cup
2025-09-04,Thailand,Fiji,3.0,0.0,King's Cup,Kanchanaburi,Thailand,False,king's cup
2025-09-05,Australia,New Zealand,1.0,0.0,Soccer Ashes,Canberra,Australia,False,soccer ashes
2025-09-05,Indonesia,Taiwan,6.0,0.0,Friendly,Surabaya,Indonesia,False,friendly
2025-09-05,Romania,Canada,0.0,3.0,Friendly,Bucharest,Romania,False,friendly
2025-09-05,Djibouti,Burkina Faso,0.0,6.0,FIFA World Cup qualification,Bissau,Guinea-Bissau,True,fifa world cup qualification
2025-09-05,Egypt,Ethiopia,2.0,0.0,FIFA World Cup qualification,Cairo,Egypt,False,fifa world cup qualification
2025-09-05,South Sudan,DR Congo,1.0,4.0,FIFA World Cup qualification,Juba,South Sudan,False,fifa world cup qualification
2025-09-05,Mauritania,Togo,2.0,0.0,FIFA World Cup qualification,Nouadhibou,Mauritania,False,fifa world cup qualification
2025-09-05,Senegal,Sudan,2.0,0.0,FIFA World Cup qualification,Diamniadio,Senegal,False,fifa world cup qualification
2025-09-05,Benin,Zimbabwe,1.0,0.0,FIFA World Cup qualification,Ebimpé,Ivory Coast,True,fifa world cup qualification
2025-09-05,South Africa,Lesotho,3.0,0.0,FIFA World Cup qualification,Bloemfontein,South Africa,False,fifa world cup qualification
2025-09-05,Congo,Tanzania,1.0,1.0,FIFA World Cup qualification,Brazzaville,Congo,False,fifa world cup qualification
2025-09-05,Morocco,Niger,5.0,0.0,FIFA World Cup qualification,Rabat,Morocco,False,fifa world cup qualification
2025-09-05,Kenya,Gambia,1.0,3.0,FIFA World Cup qualification,Nairobi,Kenya,False,fifa world cup qualification
2025-09-05,Ivory Coast,Burundi,1.0,0.0,FIFA World Cup qualification,Abidjan,Ivory Coast,False,fifa world cup qualification
2025-09-05,Somalia,Guinea,0.0,3.0,FIFA World Cup qualification,Kampala,Uganda,True,fifa world cup qualification
2025-09-05,Uganda,Mozambique,4.0,0.0,FIFA World Cup qualification,Kampala,Uganda,False,fifa world cup qualification
2025-09-05,Namibia,Malawi,1.0,2.0,FIFA World Cup qualification,Francistown,Botswana,True,fifa world cup qualification
2025-09-05,Slovenia,Sweden,2.0,2.0,FIFA World Cup qualification,Ljubljana,Slovenia,False,fifa world cup qualification
2025-09-05,Switzerland,Kosovo,4.0,0.0,FIFA World Cup qualification,Basel,Switzerland,False,fifa world cup qualification
2025-09-05,Denmark,Scotland,0.0,0.0,FIFA World Cup qualification,Copenhagen,Denmark,False,fifa world cup qualification
2025-09-05,Greece,Belarus,5.0,1.0,FIFA World Cup qualification,Athens,Greece,False,fifa world cup qualification
2025-09-05,Iceland,Azerbaijan,5.0,0.0,FIFA World Cup qualification,Reykjavík,Iceland,False,fifa world cup qualification
2025-09-05,Ukraine,France,0.0,2.0,FIFA World Cup qualification,Wrocław,Poland,True,fifa world cup qualification
2025-09-05,Italy,Estonia,5.0,0.0,FIFA World Cup qualification,Bergamo,Italy,False,fifa world cup qualification
2025-09-05,Moldova,Israel,0.0,4.0,FIFA World Cup qualification,Chișinău,Moldova,False,fifa world cup qualification
2025-09-05,Faroe Islands,Croatia,0.0,1.0,FIFA World Cup qualification,Tórshavn,Faroe Islands,False,fifa world cup qualification
2025-09-05,Montenegro,Czech Republic,0.0,2.0,FIFA World Cup qualification,Podgorica,Montenegro,False,fifa world cup qualification
2025-09-06,Sri Lanka,Maldives,0.0,3.0,South Asian Super Cup,Colombo,Sri Lanka,False,south asian super cup
2025-09-06,Mexico,Japan,0.0,0.0,Friendly,Oakland,United States,True,friendly
2025-09-06,Nepal,Bangladesh,0.0,0.0,Friendly,Kathmandu,Nepal,False,friendly
2025-09-06,United States,South Korea,0.0,2.0,Friendly,Harrison,United States,False,friendly
2025-09-06,Nigeria,Rwanda,1.0,0.0,FIFA World Cup qualification,Uyo,Nigeria,False,fifa world cup qualification
2025-09-06,Republic of Ireland,Hungary,2.0,2.0,FIFA World Cup qualification,Dublin,Republic of Ireland,False,fifa world cup qualification
2025-09-06,Armenia,Portugal,0.0,5.0,FIFA World Cup qualification,Yerevan,Armenia,False,fifa world cup qualification
2025-09-06,Austria,Cyprus,1.0,0.0,FIFA World Cup qualification,Linz,Austria,False,fifa world cup qualification
2025-09-06,San Marino,Bosnia and Herzegovina,0.0,6.0,FIFA World Cup qualification,Serravalle,San Marino,False,fifa world cup qualification
2025-09-06,Latvia,Serbia,0.0,1.0,FIFA World Cup qualification,Riga,Latvia,False,fifa world cup qualification
2025-09-06,England,Andorra,2.0,0.0,FIFA World Cup qualification,London,England,False,fifa world cup qualification
2025-09-07,Central African Republic,Comoros,0.0,2.0,FIFA World Cup qualification,Meknes,Morocco,True,fifa world cup qualification
2025-09-07,Germany,Northern Ireland,3.0,1.0,FIFA World Cup qualification,Cologne,Germany,False,fifa world cup qualification
2025-09-07,Luxembourg,Slovakia,0.0,1.0,FIFA World Cup qualification,Luxembourg,Luxembourg,False,fifa world cup qualification
2025-09-07,Georgia,Bulgaria,3.0,0.0,FIFA World Cup qualification,Tbilisi,Georgia,False,fifa world cup qualification
2025-09-07,Turkey,Spain,0.0,6.0,FIFA World Cup qualification,Konya,Turkey,False,fifa world cup qualification
2025-09-07,Lithuania,Netherlands,2.0,3.0,FIFA World Cup qualification,Kaunas,Lithuania,False,fifa world cup qualification
2025-09-07,Poland,Finland,3.0,1.0,FIFA World Cup qualification,Chorzów,Poland,False,fifa world cup qualification
2025-09-07,North Macedonia,Liechtenstein,5.0,0.0,FIFA World Cup qualification,Skopje,North Macedonia,False,fifa world cup qualification
2025-09-07,Belgium,Kazakhstan,6.0,0.0,FIFA World Cup qualification,Anderlecht,Belgium,False,fifa world cup qualification
2025-09-07,Qatar,Russia,1.0,4.0,Friendly,Doha,Qatar,False,friendly
2025-09-07,Fiji,Hong Kong,0.0,8.0,King's Cup,Kanchanaburi,Thailand,True,king's cup
2025-09-07,Thailand,Iraq,0.0,1.0,King's Cup,Kanchanaburi,Thailand,False,king's cup
2025-09-08,Czech Republic,Saudi Arabia,1.0,1.0,Friendly,Hradec Králové,Czech Republic,False,friendly
2025-09-08,Indonesia,Lebanon,0.0,0.0,Friendly,Surabaya,Indonesia,False,friendly
2025-09-08,Malaysia,Palestine,1.0,0.0,Friendly,Johor,Malaysia,False,friendly
2025-09-08,Syria,Kuwait,2.0,2.0,Friendly,Doha,Qatar,True,friendly
2025-09-08,United Arab Emirates,Bahrain,1.0,0.0,Friendly,Dubai,United Arab Emirates,False,friendly
2025-09-08,Guinea-Bissau,Djibouti,2.0,0.0,FIFA World Cup qualification,Bissau,Guinea-Bissau,False,fifa world cup qualification
2025-09-08,Libya,Eswatini,2.0,0.0,FIFA World Cup qualification,Benghazi,Libya,False,fifa world cup qualification
2025-09-08,Zambia,Morocco,0.0,2.0,FIFA World Cup qualification,Ndola,Zambia,False,fifa world cup qualification
2025-09-08,Mozambique,Botswana,2.0,0.0,FIFA World Cup qualification,Maputo,Mozambique,False,fifa world cup qualification
2025-09-08,Guinea,Algeria,0.0,0.0,FIFA World Cup qualification,Casablanca,Morocco,True,fifa world cup qualification
2025-09-08,Uganda,Somalia,2.0,0.0,FIFA World Cup qualification,Kampala,Uganda,False,fifa world cup qualification
2025-09-08,Equatorial Guinea,Tunisia,0.0,1.0,FIFA World Cup qualification,Malabo,Equatorial Guinea,False,fifa world cup qualification
2025-09-08,Malawi,Liberia,2.0,2.0,FIFA World Cup qualification,Lilongwe,Malawi,False,fifa world cup qualification
2025-09-08,Madagascar,Chad,3.0,1.0,FIFA World Cup qualification,Casablanca,Morocco,True,fifa world cup qualification
2025-09-08,Ghana,Mali,1.0,0.0,FIFA World Cup qualification,Accra,Ghana,False,fifa world cup qualification
2025-09-08,Kosovo,Sweden,2.0,0.0,FIFA World Cup qualification,Pristina,Kosovo,False,fifa world cup qualification
2025-09-08,Switzerland,Slovenia,3.0,0.0,FIFA World Cup qualification,Basel,Switzerland,False,fifa world cup qualification
2025-09-08,Belarus,Scotland,0.0,2.0,FIFA World Cup qualification,Zalaegerszeg,Hungary,True,fifa world cup qualification
2025-09-08,Greece,Denmark,0.0,3.0,FIFA World Cup qualification,Athens,Greece,False,fifa world cup qualification
2025-09-08,Israel,Italy,4.0,5.0,FIFA World Cup qualification,Debrecen,Hungary,True,fifa world cup qualification
2025-09-08,Croatia,Montenegro,4.0,0.0,FIFA World Cup qualification,Zagreb,Croatia,False,fifa world cup qualification
2025-09-08,Gibraltar,Faroe Islands,0.0,1.0,FIFA World Cup qualification,Gibraltar,Gibraltar,False,fifa world cup qualification
2025-09-09,Estonia,Andorra,0.0,0.0,Friendly,Tallinn,Estonia,False,friendly
2025-09-09,Jordan,Dominican Republic,3.0,0.0,Friendly,Amman,Jordan,False,friendly
2025-09-09,Malta,San Marino,3.0,1.0,Friendly,Ta' Qali,Malta,False,friendly
2025-09-09,Mexico,South Korea,2.0,2.0,Friendly,Nashville,United States,True,friendly
2025-09-09,New Zealand,Australia,1.0,3.0,Soccer Ashes,Auckland,New Zealand,False,soccer ashes
2025-09-09,Singapore,Myanmar,1.0,1.0,Friendly,Singapore,Singapore,False,friendly
2025-09-09,Sri Lanka,Maldives,1.0,1.0,Friendly,Colombo,Sri Lanka,False,friendly
2025-09-09,United States,Japan,2.0,0.0,Friendly,Columbus,United States,False,friendly
2025-09-09,Wales,Canada,0.0,1.0,Friendly,Cardiff,Wales,False,friendly
2025-09-09,Ecuador,Argentina,1.0,0.0,FIFA World Cup qualification,Guayaquil,Ecuador,False,fifa world cup qualification
2025-09-09,Peru,Paraguay,0.0,1.0,FIFA World Cup qualification,Lima,Peru,False,fifa world cup qualification
2025-09-09,Bolivia,Brazil,1.0,0.0,FIFA World Cup qualification,El Alto,Bolivia,False,fifa world cup qualification
2025-09-09,Venezuela,Colombia,3.0,6.0,FIFA World Cup qualification,Maturín,Venezuela,False,fifa world cup qualification
2025-09-09,Chile,Uruguay,0.0,0.0,FIFA World Cup qualification,Santiago,Chile,False,fifa world cup qualification
2025-09-09,Sierra Leone,Ethiopia,2.0,0.0,FIFA World Cup qualification,Monrovia,Liberia,True,fifa world cup qualification
2025-09-09,Burkina Faso,Egypt,0.0,0.0,FIFA World Cup qualification,Ouagadougou,Burkina Faso,False,fifa world cup qualification
2025-09-09,Togo,Sudan,1.0,0.0,FIFA World Cup qualification,Lomé,Togo,False,fifa world cup qualification
2025-09-09,DR Congo,Senegal,2.0,3.0,FIFA World Cup qualification,Kinshasa,DR Congo,False,fifa world cup qualification
2025-09-09,Mauritania,South Sudan,0.0,0.0,FIFA World Cup qualification,Nouadhibou,Mauritania,False,fifa world cup qualification
2025-09-09,Zimbabwe,Rwanda,0.0,1.0,FIFA World Cup qualification,Johannesburg,South Africa,True,fifa world cup qualification
2025-09-09,South Africa,Nigeria,1.0,1.0,FIFA World Cup qualification,Bloemfontein,South Africa,False,fifa world cup qualification
2025-09-09,Benin,Lesotho,4.0,0.0,FIFA World Cup qualification,Abidjan,Ivory Coast,True,fifa world cup qualification
2025-09-09,Cape Verde,Cameroon,1.0,0.0,FIFA World Cup qualification,Praia,Cape Verde,False,fifa world cup qualification
2025-09-09,Angola,Mauritius,3.0,1.0,FIFA World Cup qualification,Luanda,Angola,False,fifa world cup qualification
2025-09-09,Tanzania,Niger,0.0,1.0,FIFA World Cup qualification,Unguja,Tanzania,False,fifa world cup qualification
2025-09-09,Kenya,Seychelles,5.0,0.0,FIFA World Cup qualification,Nairobi,Kenya,False,fifa world cup qualification
2025-09-09,Gabon,Ivory Coast,0.0,0.0,FIFA World Cup qualification,Franceville,Gabon,False,fifa world cup qualification
2025-09-09,Gambia,Burundi,2.0,0.0,FIFA World Cup qualification,Nairobi,Kenya,True,fifa world cup qualification
2025-09-09,Namibia,São Tomé and Príncipe,3.0,0.0,FIFA World Cup qualification,Francistown,Botswana,True,fifa world cup qualification
2025-09-09,Azerbaijan,Ukraine,1.0,1.0,FIFA World Cup qualification,Baku,Azerbaijan,False,fifa world cup qualification
2025-09-09,France,Iceland,2.0,1.0,FIFA World Cup qualification,Paris,France,False,fifa world cup qualification
2025-09-09,Armenia,Republic of Ireland,2.0,1.0,FIFA World Cup qualification,Yerevan,Armenia,False,fifa world cup qualification
2025-09-09,Hungary,Portugal,2.0,3.0,FIFA World Cup qualification,Budapest,Hungary,False,fifa world cup qualification
2025-09-09,Bosnia and Herzegovina,Austria,1.0,2.0,FIFA World Cup qualification,Zenica,Bosnia and Herzegovina,False,fifa world cup qualification
2025-09-09,Cyprus,Romania,2.0,2.0,FIFA World Cup qualification,Nicosia,Cyprus,False,fifa world cup qualification
2025-09-09,Norway,Moldova,11.0,1.0,FIFA World Cup qualification,Oslo,Norway,False,fifa world cup qualification
2025-09-09,Albania,Latvia,1.0,0.0,FIFA World Cup qualification,Tirana,Albania,False,fifa world cup qualification
2025-09-09,Serbia,England,0.0,5.0,FIFA World Cup qualification,Belgrade,Serbia,False,fifa world cup qualification
2025-10-04,Saint Kitts and Nevis,Saint Martin,5.0,0.0,Friendly,Basseterre,Saint Kitts and Nevis,False,friendly
2025-10-05,Saint Kitts and Nevis,Saint Martin,2.0,1.0,Friendly,Basseterre,Saint Kitts and Nevis,False,friendly
2025-10-05,Saint Vincent and the Grenadines,Cuba,7.0,0.0,Friendly,Arnos Vale,Saint Vincent and the Grenadines,False,friendly
2025-10-08,Qatar,Oman,0.0,0.0,FIFA World Cup qualification,Al Rayyan,Qatar,False,fifa world cup qualification
2025-10-08,Saudi Arabia,Indonesia,3.0,2.0,FIFA World Cup qualification,Jeddah,Saudi Arabia,False,fifa world cup qualification
2025-10-08,Ethiopia,Guinea-Bissau,1.0,0.0,FIFA World Cup qualification,Kigali,Rwanda,True,fifa world cup qualification
2025-10-08,Sierra Leone,Burkina Faso,0.0,1.0,FIFA World Cup qualification,Monrovia,Liberia,True,fifa world cup qualification
2025-10-08,Djibouti,Egypt,0.0,3.0,FIFA World Cup qualification,Casablanca,Morocco,True,fifa world cup qualification
2025-10-08,Libya,Cape Verde,3.0,3.0,FIFA World Cup qualification,Tripoli,Libya,False,fifa world cup qualification
2025-10-08,Eswatini,Angola,2.0,2.0,FIFA World Cup qualification,Lobamba,Eswatini,False,fifa world cup qualification
2025-10-08,Mauritius,Cameroon,0.0,2.0,FIFA World Cup qualification,Saint Pierre,Mauritius,False,fifa world cup qualification
2025-10-08,Niger,Congo,3.0,1.0,FIFA World Cup qualification,Ouagadougou,Burkina Faso,True,fifa world cup qualification
2025-10-08,Tanzania,Zambia,0.0,1.0,FIFA World Cup qualification,Unguja,Tanzania,False,fifa world cup qualification
2025-10-08,Comoros,Madagascar,1.0,2.0,FIFA World Cup qualification,Abidjan,Ivory Coast,True,fifa world cup qualification
2025-10-08,Central African Republic,Ghana,0.0,5.0,FIFA World Cup qualification,El Jadida,Morocco,True,fifa world cup qualification
2025-10-08,Chad,Mali,0.0,2.0,FIFA World Cup qualification,N'Djamena,Chad,False,fifa world cup qualification
2025-10-08,Gibraltar,New Caledonia,0.0,2.0,Friendly,Gibraltar,Gibraltar,False,friendly
2025-10-08,Saint Vincent and the Grenadines,Cuba,1.0,0.0,Friendly,Arnos Vale,Saint Vincent and the Grenadines,False,friendly
2025-10-09,England,Wales,3.0,0.0,Friendly,London,England,False,friendly
2025-10-09,Poland,New Zealand,1.0,0.0,Friendly,Chorzów,Poland,False,friendly
2025-10-09,Romania,Moldova,2.0,1.0,Friendly,Bucharest,Romania,False,friendly
2025-10-09,Morocco,Bahrain,1.0,0.0,Friendly,Rabat,Morocco,False,friendly
2025-10-09,Grenada,British Virgin Islands,4.0,1.0,Friendly,St. George's,Grenada,False,friendly
2025-10-09,Burundi,Kenya,0.0,1.0,FIFA World Cup qualification,Bujumbura,Burundi,False,fifa world cup qualification
2025-10-09,Algeria,Somalia,3.0,0.0,FIFA World Cup qualification,Bir El Djir,Algeria,False,fifa world cup qualification
2025-10-09,Botswana,Uganda,0.0,1.0,FIFA World Cup qualification,Francistown,Botswana,False,fifa world cup qualification
2025-10-09,Mozambique,Guinea,1.0,2.0,FIFA World Cup qualification,Maputo,Mozambique,False,fifa world cup qualification
2025-10-09,Malawi,Equatorial Guinea,3.0,0.0,FIFA World Cup qualification,Lilongwe,Malawi,False,fifa world cup qualification
2025-10-09,Scotland,Greece,3.0,1.0,FIFA World Cup qualification,Glasgow,Scotland,False,fifa world cup qualification
2025-10-09,Belarus,Denmark,0.0,6.0,FIFA World Cup qualification,Zalaegerszeg,Hungary,True,fifa world cup qualification
2025-10-09,Malta,Netherlands,0.0,4.0,FIFA World Cup qualification,Ta' Qali,Malta,False,fifa world cup qualification
2025-10-09,Finland,Lithuania,2.0,1.0,FIFA World Cup qualification,Helsinki,Finland,False,fifa world cup qualification
2025-10-09,Austria,San Marino,10.0,0.0,FIFA World Cup qualification,Vienna,Austria,False,fifa world cup qualification
2025-10-09,Cyprus,Bosnia and Herzegovina,2.0,2.0,FIFA World Cup qualification,Larnaca,Cyprus,False,fifa world cup qualification
2025-10-09,Faroe Islands,Montenegro,4.0,0.0,FIFA World Cup qualification,Tórshavn,Faroe Islands,False,fifa world cup qualification
2025-10-09,Czech Republic,Croatia,0.0,0.0,FIFA World Cup qualification,Prague,Czech Republic,False,fifa world cup qualification
2025-10-09,Tajikistan,Maldives,2.0,0.0,AFC Asian Cup qualification,Hisor,Tajikistan,False,afc asian cup qualification
2025-10-09,Timor-Leste,Philippines,1.0,4.0,AFC Asian Cup qualification,Darwin,Australia,True,afc asian cup qualification
2025-10-09,Brunei,Yemen,0.0,2.0,AFC Asian Cup qualification,Bandar Seri Begawan,Brunei,False,afc asian cup qualification
2025-10-09,Lebanon,Bhutan,2.0,0.0,AFC Asian Cup qualification,Doha,Qatar,True,afc asian cup qualification
2025-10-09,Singapore,India,1.0,1.0,AFC Asian Cup qualification,Kallang,Singapore,False,afc asian cup qualification
2025-10-09,Bangladesh,Hong Kong,3.0,4.0,AFC Asian Cup qualification,Dhaka,Bangladesh,False,afc asian cup qualification
2025-10-09,Sri Lanka,Turkmenistan,1.0,0.0,AFC Asian Cup qualification,Colombo,Sri Lanka,False,afc asian cup qualification
2025-10-09,Thailand,Taiwan,2.0,0.0,AFC Asian Cup qualification,Bangkok,Thailand,False,afc asian cup qualification
2025-10-09,Pakistan,Afghanistan,0.0,0.0,AFC Asian Cup qualification,Islamabad,Pakistan,False,afc asian cup qualification
2025-10-09,Syria,Myanmar,5.0,1.0,AFC Asian Cup qualification,Al Hofuf,Saudi Arabia,True,afc asian cup qualification
2025-10-09,Laos,Malaysia,0.0,3.0,AFC Asian Cup qualification,Vientiane,Laos,False,afc asian cup qualification
2025-10-09,Vietnam,Nepal,3.0,1.0,AFC Asian Cup qualification,Ho Chi Minh City,Vietnam,False,afc asian cup qualification
2025-10-10,Argentina,Venezuela,1.0,0.0,Friendly,Miami Gardens,United States,True,friendly
2025-10-10,Chile,Peru,2.0,1.0,Friendly,Santiago,Chile,False,friendly
2025-10-10,Canada,Australia,0.0,1.0,Friendly,Montreal,Canada,False,friendly
2025-10-10,Russia,Iran,2.0,1.0,Friendly,Volgograd,Russia,False,friendly
2025-10-10,Japan,Paraguay,2.0,2.0,Kirin Cup,Osaka,Japan,False,kirin cup
2025-10-10,Uzbekistan,Kuwait,2.0,0.0,Friendly,Tashkent,Uzbekistan,False,friendly
2025-10-10,Jordan,Bolivia,0.0,1.0,Friendly,Istanbul,Turkey,True,friendly
2025-10-10,South Korea,Brazil,0.0,5.0,Friendly,Seoul,South Korea,False,friendly
2025-10-10,Uruguay,Dominican Republic,1.0,0.0,Friendly,Kuala Lumpur,Malaysia,True,friendly
2025-10-10,United States,Ecuador,1.0,1.0,Friendly,Austin,United States,False,friendly
2025-10-10,Togo,DR Congo,0.0,1.0,FIFA World Cup qualification,Lomé,Togo,False,fifa world cup qualification
2025-10-10,South Sudan,Senegal,0.0,5.0,FIFA World Cup qualification,Juba,South Sudan,False,fifa world cup qualification
2025-10-10,Sudan,Mauritania,0.0,0.0,FIFA World Cup qualification,Dar es Salaam,Tanzania,True,fifa world cup qualification
2025-10-10,Lesotho,Nigeria,1.0,2.0,FIFA World Cup qualification,Polokwane,South Africa,True,fifa world cup qualification
2025-10-10,Rwanda,Benin,0.0,1.0,FIFA World Cup qualification,Kigali,Rwanda,False,fifa world cup qualification
2025-10-10,South Africa,Zimbabwe,0.0,0.0,FIFA World Cup qualification,Durban,South Africa,False,fifa world cup qualification
2025-10-10,Gambia,Gabon,3.0,4.0,FIFA World Cup qualification,Nairobi,Kenya,True,fifa world cup qualification
2025-10-10,Seychelles,Ivory Coast,0.0,7.0,FIFA World Cup qualification,Saint Pierre,Mauritius,True,fifa world cup qualification
2025-10-10,Liberia,Namibia,3.0,1.0,FIFA World Cup qualification,Monrovia,Liberia,False,fifa world cup qualification
2025-10-10,Tunisia,São Tomé and Príncipe,6.0,0.0,FIFA World Cup qualification,Radès,Tunisia,False,fifa world cup qualification
2025-10-10,Northern Ireland,Slovakia,2.0,0.0,FIFA World Cup qualification,Belfast,Northern Ireland,False,fifa world cup qualification
2025-10-10,Germany,Luxembourg,4.0,0.0,FIFA World Cup qualification,Sinsheim,Germany,False,fifa world cup qualification
2025-10-10,Kosovo,Slovenia,0.0,0.0,FIFA World Cup qualification,Pristina,Kosovo,False,fifa world cup qualification
2025-10-10,Sweden,Switzerland,0.0,2.0,FIFA World Cup qualification,Solna,Sweden,False,fifa world cup qualification
2025-10-10,Iceland,Ukraine,3.0,5.0,FIFA World Cup qualification,Reykjavík,Iceland,False,fifa world cup qualification
2025-10-10,France,Azerbaijan,3.0,0.0,FIFA World Cup qualification,Paris,France,False,fifa world cup qualification
2025-10-10,Kazakhstan,Liechtenstein,4.0,0.0,FIFA World Cup qualification,Astana,Kazakhstan,False,fifa world cup qualification
2025-10-10,Belgium,North Macedonia,0.0,0.0,FIFA World Cup qualification,Gent,Belgium,False,fifa world cup qualification
2025-10-11,Grenada,Cuba,2.0,0.0,Friendly,St. George's,Grenada,False,friendly
2025-10-11,Mexico,Colombia,0.0,4.0,Friendly,Arlington,United States,True,friendly
2025-10-11,United Arab Emirates,Oman,2.0,1.0,FIFA World Cup qualification,Al Rayyan,Qatar,True,fifa world cup qualification
2025-10-11,Iraq,Indonesia,1.0,0.0,FIFA World Cup qualification,Jeddah,Saudi Arabia,True,fifa world cup qualification
2025-10-11,Spain,Georgia,2.0,0.0,FIFA World Cup qualification,Elche,Spain,False,fifa world cup qualification
2025-10-11,Bulgaria,Turkey,1.0,6.0,FIFA World Cup qualification,Sofia,Bulgaria,False,fifa world cup qualification
2025-10-11,Hungary,Armenia,2.0,0.0,FIFA World Cup qualification,Budapest,Hungary,False,fifa world cup qualification
2025-10-11,Portugal,Republic of Ireland,1.0,0.0,FIFA World Cup qualification,Lisbon,Portugal,False,fifa world cup qualification
2025-10-11,Norway,Israel,5.0,0.0,FIFA World Cup qualification,Oslo,Norway,False,fifa world cup qualification
2025-10-11,Estonia,Italy,1.0,3.0,FIFA World Cup qualification,Tallinn,Estonia,False,fifa world cup qualification
2025-10-11,Latvia,Andorra,2.0,2.0,FIFA World Cup qualification,Riga,Latvia,False,fifa world cup qualification
2025-10-11,Serbia,Albania,0.0,1.0,FIFA World Cup qualification,Leskovac,Serbia,False,fifa world cup qualification
2025-10-12,Malta,Bosnia and Herzegovina,1.0,4.0,Friendly,Ta' Qali,Malta,False,friendly
2025-10-12,Burkina Faso,Ethiopia,3.0,1.0,FIFA World Cup qualification,Ouagadougou,Burkina Faso,False,fifa world cup qualification
2025-10-12,Djibouti,Sierra Leone,1.0,2.0,FIFA World Cup qualification,Casablanca,Morocco,True,fifa world cup qualification
2025-10-12,Egypt,Guinea-Bissau,1.0,0.0,FIFA World Cup qualification,Cairo,Egypt,False,fifa world cup qualification
2025-10-12,Zambia,Niger,0.0,1.0,FIFA World Cup qualification,Ndola,Zambia,False,fifa world cup qualification
2025-10-12,Chad,Central African Republic,2.0,3.0,FIFA World Cup qualification,N'Djamena,Chad,False,fifa world cup qualification
2025-10-12,Ghana,Comoros,1.0,0.0,FIFA World Cup qualification,Accra,Ghana,False,fifa world cup qualification
2025-10-12,Mali,Madagascar,4.0,1.0,FIFA World Cup qualification,Bamako,Mali,False,fifa world cup qualification
2025-10-12,Scotland,Belarus,2.0,1.0,FIFA World Cup qualification,Glasgow,Scotland,False,fifa world cup qualification
2025-10-12,Denmark,Greece,3.0,1.0,FIFA World Cup qualification,Copenhagen,Denmark,False,fifa world cup qualification
2025-10-12,Netherlands,Finland,4.0,0.0,FIFA World Cup qualification,Amsterdam,Netherlands,False,fifa world cup qualification
2025-10-12,Lithuania,Poland,0.0,2.0,FIFA World Cup qualification,Kaunas,Lithuania,False,fifa world cup qualification
2025-10-12,San Marino,Cyprus,0.0,4.0,FIFA World Cup qualification,Serravalle,San Marino,False,fifa world cup qualification
2025-10-12,Romania,Austria,1.0,0.0,FIFA World Cup qualification,Bucharest,Romania,False,fifa world cup qualification
2025-10-12,Faroe Islands,Czech Republic,2.0,1.0,FIFA World Cup qualification,Tórshavn,Faroe Islands,False,fifa world cup qualification
2025-10-12,Croatia,Gibraltar,3.0,0.0,FIFA World Cup qualification,Varaždin,Croatia,False,fifa world cup qualification
2025-10-13,Montenegro,Liechtenstein,2.0,1.0,Friendly,Podgorica,Montenegro,False,friendly
2025-10-13,Uzbekistan,Uruguay,1.0,2.0,Friendly,Malacca City,Malaysia,True,friendly
2025-10-13,South Sudan,Togo,0.0,0.0,FIFA World Cup qualification,Juba,South Sudan,False,fifa world cup qualification
2025-10-13,Lesotho,Zimbabwe,1.0,0.0,FIFA World Cup qualification,Polokwane,South Africa,True,fifa world cup qualification
2025-10-13,Cape Verde,Eswatini,3.0,0.0,FIFA World Cup qualification,Praia,Cape Verde,False,fifa world cup qualification
2025-10-13,Cameroon,Angola,0.0,0.0,FIFA World Cup qualification,Yaoundé,Cameroon,False,fifa world cup qualification
2025-10-13,Mauritius,Libya,0.0,0.0,FIFA World Cup qualification,Saint Pierre,Mauritius,False,fifa world cup qualification
2025-10-13,Equatorial Guinea,Liberia,1.0,1.0,FIFA World Cup qualification,Malabo,Equatorial Guinea,False,fifa world cup qualification
2025-10-13,São Tomé and Príncipe,Malawi,1.0,0.0,FIFA World Cup qualification,Sousse,Tunisia,True,fifa world cup qualification
2025-10-13,Tunisia,Namibia,3.0,0.0,FIFA World Cup qualification,Radès,Tunisia,False,fifa world cup qualification
2025-10-13,Northern Ireland,Germany,0.0,1.0,FIFA World Cup qualification,Belfast,Northern Ireland,False,fifa world cup qualification
2025-10-13,Slovakia,Luxembourg,2.0,0.0,FIFA World Cup qualification,Trnava,Slovakia,False,fifa world cup qualification
2025-10-13,Slovenia,Switzerland,0.0,0.0,FIFA World Cup qualification,Ljubljana,Slovenia,False,fifa world cup qualification
2025-10-13,Sweden,Kosovo,0.0,1.0,FIFA World Cup qualification,Gothenburg,Sweden,False,fifa world cup qualification
2025-10-13,Iceland,France,2.0,2.0,FIFA World Cup qualification,Reykjavík,Iceland,False,fifa world cup qualification
2025-10-13,Ukraine,Azerbaijan,2.0,1.0,FIFA World Cup qualification,Kraków,Poland,True,fifa world cup qualification
2025-10-13,Wales,Belgium,2.0,4.0,FIFA World Cup qualification,Cardiff,Wales,False,fifa world cup qualification
2025-10-13,North Macedonia,Kazakhstan,1.0,1.0,FIFA World Cup qualification,Skopje,North Macedonia,False,fifa world cup qualification
2025-10-14,Albania,Jordan,4.0,2.0,Friendly,Tirana,Albania,False,friendly
2025-10-14,Japan,Brazil,3.0,2.0,Kirin Cup,Tokyo,Japan,False,kirin cup
2025-10-14,Iran,Tanzania,2.0,0.0,Friendly,Dubai,United Arab Emirates,True,friendly
2025-10-14,Canada,Colombia,0.0,0.0,Friendly,Harrison,United States,True,friendly
2025-10-14,South Korea,Paraguay,2.0,0.0,Friendly,Seoul,South Korea,False,friendly
2025-10-14,Mexico,Ecuador,1.0,1.0,Friendly,Zapopan,Mexico,False,friendly
2025-10-14,Norway,New Zealand,1.0,1.0,Friendly,Oslo,Norway,False,friendly
2025-10-14,Puerto Rico,Argentina,0.0,6.0,Friendly,Fort Lauderdale,United States,True,friendly
2025-10-14,Russia,Bolivia,3.0,0.0,Friendly,Moscow,Russia,False,friendly
2025-10-14,United States,Australia,2.0,1.0,Friendly,Denver,United States,False,friendly
2025-10-14,Qatar,United Arab Emirates,2.0,1.0,FIFA World Cup qualification,Al Rayyan,Qatar,False,fifa world cup qualification
2025-10-14,Saudi Arabia,Iraq,0.0,0.0,FIFA World Cup qualification,Jeddah,Saudi Arabia,False,fifa world cup qualification
2025-10-14,Senegal,Mauritania,4.0,0.0,FIFA World Cup qualification,Diamniadio,Senegal,False,fifa world cup qualification
2025-10-14,DR Congo,Sudan,1.0,0.0,FIFA World Cup qualification,Kinshasa,DR Congo,False,fifa world cup qualification
2025-10-14,Nigeria,Benin,4.0,0.0,FIFA World Cup qualification,Uyo,Nigeria,False,fifa world cup qualification
2025-10-14,South Africa,Rwanda,3.0,0.0,FIFA World Cup qualification,Mbombela,South Africa,False,fifa world cup qualification
2025-10-14,Morocco,Congo,1.0,0.0,FIFA World Cup qualification,Rabat,Morocco,False,fifa world cup qualification
2025-10-14,Seychelles,Gambia,0.0,7.0,FIFA World Cup qualification,Saint Pierre,Mauritius,True,fifa world cup qualification
2025-10-14,Ivory Coast,Kenya,3.0,0.0,FIFA World Cup qualification,Ebimpé,Ivory Coast,False,fifa world cup qualification
2025-10-14,Gabon,Burundi,2.0,0.0,FIFA World Cup qualification,Franceville,Gabon,False,fifa world cup qualification
2025-10-14,Algeria,Uganda,2.0,1.0,FIFA World Cup qualification,Tizi Ouzou,Algeria,False,fifa world cup qualification
2025-10-14,Guinea,Botswana,2.0,2.0,FIFA World Cup qualification,Casablanca,Morocco,True,fifa world cup qualification
2025-10-14,Somalia,Mozambique,0.0,1.0,FIFA World Cup qualification,Bir El Djir,Algeria,True,fifa world cup qualification
2025-10-14,Spain,Bulgaria,4.0,0.0,FIFA World Cup qualification,Valladolid,Spain,False,fifa world cup qualification
2025-10-14,Turkey,Georgia,4.0,1.0,FIFA World Cup qualification,Izmit,Turkey,False,fifa world cup qualification
2025-10-14,Portugal,Hungary,2.0,2.0,FIFA World Cup qualification,Lisbon,Portugal,False,fifa world cup qualification
2025-10-14,Republic of Ireland,Armenia,1.0,0.0,FIFA World Cup qualification,Dublin,Republic of Ireland,False,fifa world cup qualification
2025-10-14,Estonia,Moldova,1.0,1.0,FIFA World Cup qualification,Tallinn,Estonia,False,fifa world cup qualification
2025-10-14,Italy,Israel,3.0,0.0,FIFA World Cup qualification,Udine,Italy,False,fifa world cup qualification
2025-10-14,Andorra,Serbia,1.0,3.0,FIFA World Cup qualification,Encamp,Andorra,False,fifa world cup qualification
2025-10-14,Latvia,England,0.0,5.0,FIFA World Cup qualification,Riga,Latvia,False,fifa world cup qualification
2025-10-14,Maldives,Tajikistan,0.0,3.0,AFC Asian Cup qualification,Malé,Maldives,False,afc asian cup qualification
2025-10-14,Philippines,Timor-Leste,3.0,1.0,AFC Asian Cup qualification,Capas,Philippines,False,afc asian cup qualification
2025-10-14,Bhutan,Lebanon,0.0,4.0,AFC Asian Cup qualification,Al Wakrah,Qatar,True,afc asian cup qualification
2025-10-14,Yemen,Brunei,9.0,0.0,AFC Asian Cup qualification,Kuwait City,Kuwait,True,afc asian cup qualification
2025-10-14,India,Singapore,1.0,2.0,AFC Asian Cup qualification,Margao,India,False,afc asian cup qualification
2025-10-14,Hong Kong,Bangladesh,1.0,1.0,AFC Asian Cup qualification,Kowloon,Hong Kong,False,afc asian cup qualification
2025-10-14,Taiwan,Thailand,1.0,6.0,AFC Asian Cup qualification,Taipei,Taiwan,False,afc asian cup qualification
2025-10-14,Turkmenistan,Sri Lanka,2.0,1.0,AFC Asian Cup qualification,Arkadag,Turkmenistan,False,afc asian cup qualification
2025-10-14,Myanmar,Syria,0.0,3.0,AFC Asian Cup qualification,Yangon,Myanmar,False,afc asian cup qualification
2025-10-14,Afghanistan,Pakistan,1.0,1.0,AFC Asian Cup qualification,Al Farwaniyah,Kuwait,True,afc asian cup qualification
2025-10-14,Vietnam,Nepal,1.0,0.0,AFC Asian Cup qualification,Ho Chi Minh City,Vietnam,False,afc asian cup qualification
2025-10-14,Malaysia,Laos,5.0,1.0,AFC Asian Cup qualification,Kuala Lumpur,Malaysia,False,afc asian cup qualification
2025-11-12,Tunisia,Mauritania,1.0,1.0,Friendly,Radès,Tunisia,False,friendly
2025-11-12,Russia,Peru,1.0,1.0,Friendly,Saint Petersburg,Russia,False,friendly
2025-11-12,Cuba,Saint Lucia,3.0,0.0,CONCACAF Series,Santiago de los Caballeros,Dominican Republic,True,concacaf series
2025-11-12,Dominican Republic,Saint Vincent and the Grenadines,2.0,0.0,CONCACAF Series,Santiago de los Caballeros,Dominican Republic,False,concacaf series
2025-11-12,Dominica,Saint Martin,1.0,2.0,CONCACAF Series,Basseterre,Saint Kitts and Nevis,True,concacaf series
2025-11-12,Saint Kitts and Nevis,Sint Maarten,0.0,0.0,CONCACAF Series,Basseterre,Saint Kitts and Nevis,False,concacaf series
2025-11-12,Barbados,Bonaire,3.0,2.0,CONCACAF Series,North Sound,Antigua and Barbuda,True,concacaf series
2025-11-12,Antigua and Barbuda,Aruba,0.0,0.0,CONCACAF Series,North Sound,Antigua and Barbuda,False,concacaf series
2025-11-12,Bahamas,Anguilla,1.0,2.0,CONCACAF Series,George Town,Cayman Islands,True,concacaf series
2025-11-12,Cayman Islands,British Virgin Islands,1.0,2.0,CONCACAF Series,George Town,Cayman Islands,False,concacaf series
2025-11-13,Algeria,Zimbabwe,3.0,1.0,Friendly,Jeddah,Saudi Arabia,True,friendly
2025-11-13,Bangladesh,Nepal,2.0,2.0,Friendly,Dhaka,Bangladesh,False,friendly
2025-11-13,Canada,Ecuador,0.0,0.0,Friendly,Toronto,Canada,False,friendly
2025-11-13,Czech Republic,San Marino,1.0,0.0,Friendly,Karviná,Czech Republic,False,friendly
2025-11-13,Hong Kong,Cambodia,1.0,1.0,Friendly,Hong Kong,Hong Kong,False,friendly
2025-11-13,Lithuania,Israel,0.0,0.0,Friendly,Kaunas,Lithuania,False,friendly
2025-11-13,North Macedonia,Latvia,0.0,0.0,Friendly,Skopje,North Macedonia,False,friendly
2025-11-13,Thailand,Singapore,3.0,2.0,Friendly,Pathum Thani,Thailand,False,friendly
2025-11-13,United Arab Emirates,Iraq,1.0,1.0,FIFA World Cup qualification,Abu Dhabi,United Arab Emirates,False,fifa world cup qualification
2025-11-13,Cameroon,DR Congo,0.0,1.0,FIFA World Cup qualification,Rabat,Morocco,True,fifa world cup qualification
2025-11-13,Nigeria,Gabon,4.0,1.0,FIFA World Cup qualification,Rabat,Morocco,True,fifa world cup qualification
2025-11-13,France,Ukraine,4.0,0.0,FIFA World Cup qualification,Paris,France,False,fifa world cup qualification
2025-11-13,Azerbaijan,Iceland,0.0,2.0,FIFA World Cup qualification,Baku,Azerbaijan,False,fifa world cup qualification
2025-11-13,Republic of Ireland,Portugal,2.0,0.0,FIFA World Cup qualification,Dublin,Republic of Ireland,False,fifa world cup qualification
2025-11-13,Armenia,Hungary,0.0,1.0,FIFA World Cup qualification,Yerevan,Armenia,False,fifa world cup qualification
2025-11-13,Norway,Estonia,4.0,1.0,FIFA World Cup qualification,Oslo,Norway,False,fifa world cup qualification
2025-11-13,Moldova,Italy,0.0,2.0,FIFA World Cup qualification,Chișinău,Moldova,False,fifa world cup qualification
2025-11-13,England,Serbia,2.0,0.0,FIFA World Cup qualification,London,England,False,fifa world cup qualification
2025-11-13,Andorra,Albania,0.0,1.0,FIFA World Cup qualification,Encamp,Andorra,False,fifa world cup qualification
2025-11-13,Iran,Cape Verde,0.0,0.0,Al Ain International Cup,Al Ain,United Arab Emirates,True,al ain international cup
2025-11-14,Angola,Argentina,0.0,2.0,Friendly,Luanda,Angola,False,friendly
2025-11-14,Australia,Venezuela,0.0,1.0,Friendly,Houston,United States,True,friendly
2025-11-14,South Korea,Bolivia,2.0,0.0,Friendly,Daejeon,South Korea,False,friendly
2025-11-14,Morocco,Mozambique,1.0,0.0,Friendly,Tangier,Morocco,False,friendly
2025-11-14,Oman,Sudan,2.0,0.0,Friendly,Seeb,Oman,False,friendly
2025-11-14,Comoros,Namibia,1.0,0.0,Friendly,Iconi,Comoros,False,friendly
2025-11-14,Uganda,Chad,2.0,1.0,Friendly,Berrechid,Morocco,True,friendly
2025-11-14,Burkina Faso,Niger,3.0,2.0,Friendly,Mohammedia,Morocco,True,friendly
2025-11-14,Japan,Ghana,2.0,0.0,Kirin Cup,Toyota,Japan,False,kirin cup
2025-11-14,Saudi Arabia,Ivory Coast,1.0,0.0,Friendly,Jeddah,Saudi Arabia,False,friendly
2025-11-14,Tunisia,Jordan,3.0,2.0,Friendly,Radès,Tunisia,False,friendly
2025-11-14,Luxembourg,Germany,0.0,2.0,FIFA World Cup qualification,Luxembourg,Luxembourg,False,fifa world cup qualification
2025-11-14,Slovakia,Northern Ireland,1.0,0.0,FIFA World Cup qualification,Košice,Slovakia,False,fifa world cup qualification
2025-11-14,Finland,Malta,0.0,1.0,FIFA World Cup qualification,Helsinki,Finland,False,fifa world cup qualification
2025-11-14,Poland,Netherlands,1.0,1.0,FIFA World Cup qualification,Warsaw,Poland,False,fifa world cup qualification
2025-11-14,Croatia,Faroe Islands,3.0,1.0,FIFA World Cup qualification,Rijeka,Croatia,False,fifa world cup qualification
2025-11-14,Gibraltar,Montenegro,1.0,2.0,FIFA World Cup qualification,Gibraltar,Gibraltar,False,fifa world cup qualification
2025-11-14,Uzbekistan,Egypt,2.0,0.0,Al Ain International Cup,Al Ain,United Arab Emirates,True,al ain international cup
2025-11-15,Russia,Chile,0.0,2.0,Friendly,Sochi,Russia,False,friendly
2025-11-15,Libya,Mauritania,1.0,0.0,Friendly,Benina,Libya,False,friendly
2025-11-15,Kuwait,Tanzania,4.0,3.0,Friendly,Cairo,Egypt,True,friendly
2025-11-15,Lesotho,Malawi,0.0,0.0,Friendly,Bloemfontein,South Africa,True,friendly
2025-11-15,Guinea,Liberia,2.0,0.0,Friendly,Casablanca,Morocco,True,friendly
2025-11-15,Brazil,Senegal,2.0,0.0,Friendly,London,England,True,friendly
2025-11-15,Colombia,New Zealand,2.0,1.0,Friendly,Fort Lauderdale,United States,True,friendly
2025-11-15,Mexico,Uruguay,0.0,0.0,Friendly,Torreón,Mexico,False,friendly
2025-11-15,South Africa,Zambia,3.0,1.0,Friendly,Gqeberha,South Africa,False,friendly
2025-11-15,United States,Paraguay,2.0,1.0,Friendly,Chester,United States,False,friendly
2025-11-15,Slovenia,Kosovo,0.0,2.0,FIFA World Cup qualification,Ljubljana,Slovenia,False,fifa world cup qualification
2025-11-15,Switzerland,Sweden,4.0,1.0,FIFA World Cup qualification,Geneva,Switzerland,False,fifa world cup qualification
2025-11-15,Denmark,Belarus,2.0,2.0,FIFA World Cup qualification,Copenhagen,Denmark,False,fifa world cup qualification
2025-11-15,Greece,Scotland,3.0,2.0,FIFA World Cup qualification,Piraeus,Greece,False,fifa world cup qualification
2025-11-15,Turkey,Bulgaria,2.0,0.0,FIFA World Cup qualification,Bursa,Turkey,False,fifa world cup qualification
2025-11-15,Georgia,Spain,0.0,4.0,FIFA World Cup qualification,Tbilisi,Georgia,False,fifa world cup qualification
2025-11-15,Cyprus,Austria,0.0,2.0,FIFA World Cup qualification,Limassol,Cyprus,False,fifa world cup qualification
2025-11-15,Bosnia and Herzegovina,Romania,3.0,1.0,FIFA World Cup qualification,Zenica,Bosnia and Herzegovina,False,fifa world cup qualification
2025-11-15,Liechtenstein,Wales,0.0,1.0,FIFA World Cup qualification,Vaduz,Liechtenstein,False,fifa world cup qualification
2025-11-15,Kazakhstan,Belgium,1.0,1.0,FIFA World Cup qualification,Astana,Kazakhstan,False,fifa world cup qualification
2025-11-15,Martinique,Cuba,0.0,2.0,CONCACAF Series,Santiago de los Caballeros,Dominican Republic,True,concacaf series
2025-11-15,Saint Vincent and the Grenadines,Saint Lucia,3.0,1.0,CONCACAF Series,Santiago de los Caballeros,Dominican Republic,True,concacaf series
2025-11-15,Dominica,Sint Maarten,2.0,3.0,CONCACAF Series,Basseterre,Saint Kitts and Nevis,True,concacaf series
2025-11-15,Saint Martin,Belize,0.0,1.0,CONCACAF Series,Basseterre,Saint Kitts and Nevis,True,concacaf series
2025-11-15,Barbados,Aruba,0.0,3.0,CONCACAF Series,North Sound,Antigua and Barbuda,True,concacaf series
2025-11-15,Guyana,Bonaire,2.0,1.0,CONCACAF Series,North Sound,Antigua and Barbuda,True,concacaf series
2025-11-15,Bahamas,British Virgin Islands,0.0,6.0,CONCACAF Series,George Town,Cayman Islands,True,concacaf series
2025-11-15,Cayman Islands,Anguilla,4.0,0.0,CONCACAF Series,George Town,Cayman Islands,False,concacaf series
2025-11-16,Nigeria,DR Congo,1.0,1.0,FIFA World Cup qualification,Rabat,Morocco,True,fifa world cup qualification
2025-11-16,Ukraine,Iceland,2.0,0.0,FIFA World Cup qualification,Warsaw,Poland,True,fifa world cup qualification
2025-11-16,Azerbaijan,France,1.0,3.0,FIFA World Cup qualification,Baku,Azerbaijan,False,fifa world cup qualification
2025-11-16,Portugal,Armenia,9.0,1.0,FIFA World Cup qualification,Porto,Portugal,False,fifa world cup qualification
2025-11-16,Hungary,Republic of Ireland,2.0,3.0,FIFA World Cup qualification,Budapest,Hungary,False,fifa world cup qualification
2025-11-16,Moldova,Israel,1.0,4.0,FIFA World Cup qualification,Chișinău,Moldova,False,fifa world cup qualification
2025-11-16,Italy,Norway,1.0,4.0,FIFA World Cup qualification,Milan,Italy,False,fifa world cup qualification
2025-11-16,Albania,England,0.0,2.0,FIFA World Cup qualification,Tirana,Albania,False,fifa world cup qualification
2025-11-16,Serbia,Latvia,2.0,1.0,FIFA World Cup qualification,Leskovac,Serbia,False,fifa world cup qualification
2025-11-17,Comoros,Namibia,4.0,0.0,Friendly,Iconi,Comoros,False,friendly
2025-11-17,Mozambique,Chad,2.0,2.0,Friendly,Berrechid,Morocco,True,friendly
2025-11-17,Madagascar,Equatorial Guinea,2.0,0.0,Friendly,Antalya,Turkey,True,friendly
2025-11-17,Finland,Andorra,4.0,0.0,Friendly,Tampere,Finland,False,friendly
2025-11-17,Qatar,Zimbabwe,1.0,2.0,Friendly,Ar-Rayyan,Qatar,False,friendly
2025-11-17,Bahrain,Somalia,1.0,2.0,Friendly,Riffa,Bahrain,False,friendly
2025-11-17,Northern Ireland,Luxembourg,1.0,0.0,FIFA World Cup qualification,Belfast,Northern Ireland,False,fifa world cup qualification
2025-11-17,Germany,Slovakia,6.0,0.0,FIFA World Cup qualification,Leipzig,Germany,False,fifa world cup qualification
2025-11-17,Malta,Poland,2.0,3.0,FIFA World Cup qualification,Ta' Qali,Malta,False,fifa world cup qualification
2025-11-17,Netherlands,Lithuania,4.0,0.0,FIFA World Cup qualification,Amsterdam,Netherlands,False,fifa world cup qualification
2025-11-17,Czech Republic,Gibraltar,6.0,0.0,FIFA World Cup qualification,Olomouc,Czech Republic,False,fifa world cup qualification
2025-11-17,Montenegro,Croatia,2.0,3.0,FIFA World Cup qualification,Podgorica,Montenegro,False,fifa world cup qualification
2025-11-17,Cape Verde,Egypt,1.0,1.0,Al Ain International Cup,Al Ain,United Arab Emirates,True,al ain international cup
2025-11-17,Vanuatu,Fiji,2.0,0.0,MSG Prime Minister's Cup,Port Moresby,Papua New Guinea,True,msg prime minister's cup
2025-11-18,Angola,Zambia,3.0,2.0,Friendly,Luanda,Angola,False,friendly
2025-11-18,Morocco,Uganda,4.0,0.0,Friendly,Tangier,Morocco,False,friendly
2025-11-18,Oman,Ivory Coast,0.0,2.0,Friendly,Seeb,Oman,False,friendly
2025-11-18,Saudi Arabia,Algeria,0.0,2.0,Friendly,Jeddah,Saudi Arabia,False,friendly
2025-11-18,Guinea,Niger,1.0,1.0,Friendly,Mohammedia,Morocco,True,friendly
2025-11-18,Kenya,Senegal,0.0,8.0,Friendly,Antalya,Turkey,True,friendly
2025-11-18,Benin,Burkina Faso,0.0,3.0,Friendly,Mohammedia,Morocco,True,friendly
2025-11-18,Japan,Bolivia,3.0,0.0,Kirin Cup,Tokyo,Japan,False,kirin cup
2025-11-18,Mali,Jordan,3.0,2.0,Friendly,Radès,Tunisia,True,friendly
2025-11-18,Kuwait,Gambia,2.0,2.0,Friendly,Cairo,Egypt,True,friendly
2025-11-18,Lesotho,Malawi,0.0,1.0,Friendly,Bloemfontein,South Africa,True,friendly
2025-11-18,Maldives,Philippines,0.0,2.0,AFC Asian Cup qualification,Malé,Maldives,False,afc asian cup qualification
2025-11-18,Timor-Leste,Tajikistan,0.0,5.0,AFC Asian Cup qualification,Darwin,Australia,True,afc asian cup qualification
2025-11-18,Yemen,Bhutan,7.0,1.0,AFC Asian Cup qualification,Kuwait City,Kuwait,True,afc asian cup qualification
2025-11-18,Brunei,Lebanon,0.0,3.0,AFC Asian Cup qualification,Bandar Seri Begawan,Brunei,False,afc asian cup qualification
2025-11-18,Bangladesh,India,1.0,0.0,AFC Asian Cup qualification,Dhaka,Bangladesh,False,afc asian cup qualification
2025-11-18,Hong Kong,Singapore,1.0,2.0,AFC Asian Cup qualification,Kowloon,Hong Kong,False,afc asian cup qualification
2025-11-18,Sri Lanka,Thailand,0.0,4.0,AFC Asian Cup qualification,Colombo,Sri Lanka,False,afc asian cup qualification
2025-11-18,Turkmenistan,Taiwan,3.0,1.0,AFC Asian Cup qualification,Arkadag,Turkmenistan,False,afc asian cup qualification
2025-11-18,Pakistan,Syria,0.0,5.0,AFC Asian Cup qualification,Islamabad,Pakistan,False,afc asian cup qualification
2025-11-18,Malaysia,Nepal,1.0,0.0,AFC Asian Cup qualification,Kuala Lumpur,Malaysia,False,afc asian cup qualification
2025-11-18,Brazil,Tunisia,1.0,1.0,Friendly,Lille,France,True,friendly
2025-11-18,Canada,Venezuela,2.0,0.0,Friendly,Fort Lauderdale,United States,True,friendly
2025-11-18,Chile,Peru,2.0,1.0,Friendly,Sochi,Russia,True,friendly
2025-11-18,Colombia,Australia,3.0,0.0,Friendly,New York,United States,True,friendly
2025-11-18,Cyprus,Estonia,2.0,4.0,Friendly,Limassol,Cyprus,False,friendly
2025-11-18,Ecuador,New Zealand,2.0,0.0,Friendly,Harrison,United States,True,friendly
2025-11-18,Faroe Islands,Kazakhstan,1.0,0.0,Friendly,Pula,Croatia,True,friendly
2025-11-18,South Korea,Ghana,1.0,0.0,Friendly,Seoul,South Korea,False,friendly
2025-11-18,Mexico,Paraguay,1.0,2.0,Friendly,San Antonio,United States,True,friendly
2025-11-18,United States,Uruguay,5.0,1.0,Friendly,Tampa,United States,False,friendly
2025-11-18,Iraq,United Arab Emirates,2.0,1.0,FIFA World Cup qualification,Basra,Iraq,False,fifa world cup qualification
2025-11-18,Kosovo,Switzerland,1.0,1.0,FIFA World Cup qualification,Pristina,Kosovo,False,fifa world cup qualification
2025-11-18,Sweden,Slovenia,1.0,1.0,FIFA World Cup qualification,Solna,Sweden,False,fifa world cup qualification
2025-11-18,Scotland,Denmark,4.0,2.0,FIFA World Cup qualification,Glasgow,Scotland,False,fifa world cup qualification
2025-11-18,Belarus,Greece,0.0,0.0,FIFA World Cup qualification,Zalaegerszeg,Hungary,True,fifa world cup qualification
2025-11-18,Spain,Turkey,2.0,2.0,FIFA World Cup qualification,Seville,Spain,False,fifa world cup qualification
2025-11-18,Bulgaria,Georgia,2.0,1.0,FIFA World Cup qualification,Sofia,Bulgaria,False,fifa world cup qualification
2025-11-18,Austria,Bosnia and Herzegovina,1.0,1.0,FIFA World Cup qualification,Vienna,Austria,False,fifa world cup qualification
2025-11-18,Romania,San Marino,7.0,1.0,FIFA World Cup qualification,Ploiești,Romania,False,fifa world cup qualification
2025-11-18,Wales,North Macedonia,7.0,1.0,FIFA World Cup qualification,Cardiff,Wales,False,fifa world cup qualification
2025-11-18,Belgium,Liechtenstein,7.0,0.0,FIFA World Cup qualification,Liège,Belgium,False,fifa world cup qualification
2025-11-18,Dominican Republic,Martinique,0.0,0.0,CONCACAF Series,Santiago de los Caballeros,Dominican Republic,False,concacaf series
2025-11-18,Saint Kitts and Nevis,Belize,2.0,6.0,CONCACAF Series,Basseterre,Saint Kitts and Nevis,False,concacaf series
2025-11-18,Antigua and Barbuda,Guyana,1.0,4.0,CONCACAF Series,North Sound,Antigua and Barbuda,False,concacaf series
2025-11-18,Iran,Uzbekistan,0.0,0.0,Al Ain International Cup,Al Ain,United Arab Emirates,True,al ain international cup
2025-11-19,Laos,Vietnam,0.0,2.0,AFC Asian Cup qualification,Vientiane,Laos,False,afc asian cup qualification
2025-11-20,Vanuatu,Solomon Islands,,,MSG Prime Minister's Cup,Port Moresby,Papua New Guinea,True,msg prime minister's cup
